tag,asr_text
确认是否投保人本人,四五八八稍等。为保障客户信息安全需要与您做信息核对您是投保人本人吗？您的名字是。您的身份证号是。
确认是否投保人本人,我的是否您的信息安全需要坐下核对请问您是投保人本人吗？
确认是否投保人本人,稍等。嗯好的先生请问您是投保人本人吗？
确认是否投保人本人,您稍等。请问您是投保人本人吗？
确认是否投保人本人,好的那请您提供一下报案人的信息。您就是王传超先生本人是吗？
确认是否投保人本人,嗯，您是投保人本人吗？
确认是否投保人本人,请问您是投保人吗？
确认是否投保人本人,零幺二六四零二二是吗对对对那请问一下您就是出险人本人是吗？对请问您叫什么名字女生？没挺好的您刚说现在在医院做一个治疗是因为什么原因在医院做的一个住院治疗呢？
确认是否投保人本人,五幺九四，好的请问一下您是投保人本人吗先生嗯？您叫什么名字呢王超好的信息核实成功请稍等？这边看到您这个八月八号和您刚才来电我这边看到之前工作人员帮您反馈这个工单了。
确认是否投保人本人,好的请您是投保人本人吗？
确认是否投保人本人,您好先生请问您是投保人本人吗？
确认是否投保人本人,啊我查下保单您是投保人本人吗！
确认是否投保人本人,请问您是投保人本人吗？对，叫什么名字？
确认是否投保人本人,嗯请问您是投保人本人吗？
确认是否投保人本人,为了保证信息安全请协助身份验证请问您是投保人本人吗？
确认是否投保人本人,您是投保人本人吗？
确认是否投保人本人,好的。嗯稍等嗯。嗯行那您来做一下身份验证先生请问您就是投保人本人是吧！四四四嗯那请问一下您叫什么名字？
确认是否投保人本人,投保人本人吗？
确认是否投保人本人,这个吧！嗯那投保人是您本人吗？嗯就是保的嗯您的身份证号提供一下我查看一下。
确认是否投保人本人,嗯嗯就是。嗯嗯就是您是叫周才觉得是您本人出险了是吗？
确认是否投保人本人,是投保人本人吗？对。哦！
确认是否投保人本人,您好女士那请问您是投保人本人吗？对。
确认是否投保人本人,医保错等待期是三十天的您是投保人本人吗女士？
确认是否投保人本人,女士请问您是从本人是吗？
确认是否投保人本人,您好先生为了维护您的信息安全请您协助完成身份验证请问您是投保人本人吗？是嗯请问您。
确认是否投保人本人,好的请问您是的，好的请问您是投保人本人吗？
确认是否投保人本人,请问您是投保人吗？
确认是否投保人本人,请问您是保单的投保人本人。
确认是否投保人本人,请问您是投保人吗？对，嗯请问叫什么名字邮件？就是您带的交费卡里现在足够的保费是吧！对对对。那你等它自动划款就可以了。
确认是否投保人本人,请问您是投保人吗？是的，请问您的姓名女士。
确认是否投保人本人,四二零幺二幺。一九八三嗯。幺幺幺六嗯，二七二七。请问您是投保人吗？嗯我姓杨呃您叫什么名字锕？行原嗯那想敢身份证，您是想给这个农业银行的卡是吧您有三个人看的话这边可以帮您申请变更？
确认是否投保人本人,好的女士请问您是投保人本人吗？
确认是否投保人本人,您好为了确保您的信息安全这边与您核实一下信息请问您是投保人本人吗是？请问您的姓名是。
确认是否投保人本人,嗯请问您是投保人吗？
确认是否投保人本人,嗯您是投保人是吗？那您说一下您的身份证号码。
确认是否投保人本人,您是投保人嘛。
确认是否投保人本人,嗯那您是投保人吗？呃被保险人的姓名叫什么呀！
确认是否投保人本人,好的为了维护您信息安全请您协助为您身份验证您是投保人本人吗女士？
确认是否投保人本人,六六五七八六。四九懂八八。对吧！幺四零零七八七六。四九零八八是吗啊对对哦稍等一下？嗯查询到了请问您是投保人本人是吗？我是彻底下。嗯您叫什么名字锕？我就处理过啊哦是您跟您爱人购买的是吗？
确认是否投保人本人,嗯请问他是保单号，保单号没有是吗？那您现在来电是他用本人幺三六原电话来电呢？
确认是否投保人本人,嗯感谢您配合请问您是投保人本人吗？
确认是否投保人本人,请稍等。请问您是投保人本人吗对好的好的女士您稍等？您是办理退保的社医保通这个保单嘛对。这边的话我们县公司帮您反馈了先生工作人员告知说跟您联系了跟您联系过吗？
确认是否投保人本人,嗯稍等。您好女士请问您是投保人本人吗？对叫什么名字厘米？好的女士看到您之前有来电反馈说要算一下这个万能账户的对我想看看什么对吧！
确认是否投保人本人,嗯请问您是投保人本人吗？
确认是否投保人本人,呃您您先稍等我这边查询到保单了那个请问您是投保人本人吗？
确认是否投保人本人,媛凤。呃您不是本人对吧！
确认是否投保人本人,您是我们您是投保人本人吗？对请提供您的身份证我给您查一下。
确认是否投保人本人,您是投保人。
确认是否投保人本人,零三六二好的查看到跟您核对一下您是投保人本人对。
确认是否投保人本人,检查身体您是投保人本人吗？我是。那您先说一下您保单号或者您身份证号我先查一下您名下有什么保单？
确认是否投保人本人,为了保障您的信息安全跟您核对一下信息请问是投保人本人吗？
确认是否投保人本人,我说什么来的您好先生请问您是投保人本人吗？对陈协助身份验证请问您叫什么名字？我在王骁。然后黄先生您好感谢您的配合核对成功是要变更您的身份证有效期是吗？啊！这边看到您有效期登记的是到二零二六年三月九号，就是确实准确的吗？二零二六零三月九号费阿。嗯应该是不用变吧这边的话登记就是二零二六年三月九号。
确认是否投保人本人,您是投保人吗？
确认是否投保人本人,请问您是投保人本人吗？
确认是否投保人本人,今年扣了没有，好先生请问您是投保人是吗？
确认是否投保人本人,投保人吗投保人在吗？啊投保人是吧嗯那请问您是要咨询嗯大致跟我说一下这个情况我大致给您讲一下吧！
确认是否投保人本人,那您这边反馈的问题是您本人的吗请不要挂机？您给我讲的用户正在通话中所以抽奖指的是可爱的一家有别的呢？您好。请不要挂机，您拨叫的用户正在通话中所以抽奖的是隔的一家由您自己呢？哦！
确认是否投保人本人,嗯，为了维护信息安全请协助一下身份验证请问您是投保人本人吗您叫什么名字啊！
确认是否投保人本人,请问您是投保人本人吗？不是那投保。
确认是否投保人本人,请问您是投保人本人吗？
确认是否投保人本人,好帮您看一下您是投保人本人吗？您报一下身份证号。
确认是否投保人本人,您是投保人是吗？
确认是否投保人本人,投保人是年对吗？就买保险的这个人出钱的这个人是您吗对对对对您提供一下您的身份证号码？
确认是否投保人本人,您稍等您是投保人本人吗？
确认是否投保人本人,那您跟他买的是就单独是投保人是您自己是吧！
确认是否投保人本人,您是投保人本人吗？嗯请说一下身份证号码或者是保单号码这边跟您看一下。
确认是否投保人本人,简单先跟您做一下身份验证女士请问您是投保人本人吗？
确认是否投保人本人,简单先跟您做一下身份验证女士请问您是投保人本人吗？
确认是否投保人本人,二四七零好请您稍等。嗯嗯嗯啊请问您是投保人本人吗？
确认是否投保人本人,嗯在您投保人本人接下电话。
确认是否投保人本人,您好您是投保人本人吗？
确认是否投保人本人,那这个的话可以需要提供保单号才能查询投保人是您对吗？
确认是否投保人本人,请问您是投保人本人吗？
确认是否投保人本人,您通本人是吗？
确认是否投保人本人,嗯好请问您是投保人本人是吗？
确认是否投保人本人,好那请问一下您是投保人本人吗请问一下您叫什么名字锕？
确认是否投保人本人,请问您是投保人吗？哦是那请问叫什么名字锕！程序华嗯您要把卡号给你承担一个。
确认是否投保人本人,稍等。好的已经查询到保单了。然后请问您是投保人吗？
确认是否投保人本人,零零八八。嗯请问您是投保人吗？
确认是否投保人本人,一九六四。零三幺零，零三幺零是吗嗯四幺二二？好的稍等一下。您好请问您是投保人本人吗？
确认是否投保人本人,请问您是投保人本人吗？
确认是否投保人本人,嗯好您稍等一下请问您是投保人本人是吗？
确认是否投保人本人,您是投保人本人吗？
确认是否投保人本人,哦您是投保人本人吗！
确认是否投保人本人,好您稍等，请问您是投保人吗？
确认是否投保人本人,您是投保人吗？
确认是否投保人本人,好的已经查询到保单了请问您是投保人吗？
确认是否投保人本人,好请问您是投保人本人吗？
确认是否投保人本人,嗯。请稍等您好为了确保您的信息安全与您核实一下信息请问您是投保人本人吗？对对对请问您的姓名是。
确认是否投保人本人,这个是。合同编号您好您母亲这个电话我跟她核对一下身份。哦那您跟他说了！嗯你说吧为了保障您的信息安全与您核对一下信息请问您是投保人本人吗？嗯请问您叫什么名字？箱金立您提供一下您的身份证号。哦！
确认是否投保人本人,为了维护您的信息安全请协助一下身份验证请问您是投保人本人吗？
确认是否投保人本人,请问您是投保人本人吗先生嗯对提供一下您的姓名？零零一，感谢您配合稍等帮您看一下！名下分住院费用补偿医疗保险二零一四这个会根据被保险年龄费率都会有增长的。
确认是否投保人本人,您是投保人本人吗？
确认是否投保人本人,请问您是投保人本人对吧！
确认是否投保人本人,请问您是投保人本人吗女士嗯？
确认是否投保人本人,您是投保人吗？
确认是否投保人本人,一九七八嗯。零三幺八嗯。零五三二为了保证信息安全请您协助身份验证请问您是投保人本人吗？对嗯请问您叫什么名字？你如果成感谢配合核对成功这边看到您是公司的黄金问题。
确认是否投保人本人,好的。申请的通的是被保险人本人对吧！二四二。您刚刚说他确诊的疾病。
确认是否投保人本人,嗯你好我跟你说一个保单合同号您给我算一下如果现在退保的话。呢能退多少钱？哦您是投保人吗！是是。
确认是否投保人本人,您是投保人本人吗？
确认是否投保人本人,嗯请稍等。您好跟您核实一下请问您是投保人是吗啊对五点钟好的您报的就是您就是您给服务站提供的信息就是幺三九这个电话是吗？
确认是否投保人本人,您是这个保单的投保人是吗？
确认是否投保人本人,那女士我这边看到不是原电话来电为了您的账户信息安全需要协助核实身份您是投保人本人吗？
确认是否投保人本人,您好您是投保人本人吗？
确认是否投保人本人,您不是投保人本人呀！
确认是否投保人本人,啊那请问您是投保人本人吗！我是。
确认是否投保人本人,请问您是投保人本人吗？
确认是否投保人本人,可以请问您是投保人本人吗？
确认是否投保人本人,是投保人本人吗对？嗯您好帮您查到您这是有个常青树重大疾病保险二零一六，喂您好。
确认是否投保人本人,好，好有啥看呢跟您核对一下您是投保人本人吗？
确认是否投保人本人,请问您是投保人吗？哦我这边嗯您叫什么名字王截屏！祝您就是四零零至尊版的是吧！嗯
确认是否投保人本人,对您是投保人本人是吧！
确认是否投保人本人,您稍等。您好女士请问您是投保人本人吗？是的是的。
确认是否投保人本人,您是投保人吗那您提供一下您身份证号码我这边帮您查询到保单信息哦！
确认是否投保人本人,您好女士请问您是投保人本人吗？
确认是否投保人本人,请问您是投保人本人吗？
确认是否投保人本人,稍等。您是投保人本人吗？叫什么名字锕？
确认是否投保人本人,好像是能你一看就能查到先生您和我说一下您的保单号或者身份证号我帮您查询。嗯身份证号码幺五二六三四嗯，九九零嗯。零二二幺恩。四二二四，请问您投保人本人吗？对本人。好的。您好李女士。嗯，您稍等我帮您查询。呃你好李女士查到您保单上留的是一个幺三六手机号。幺三六手机号对不是我给您打的是这个，幺五八的，幺三六手机号还在用吗？
确认是否投保人本人,嗯您稍等。就是投保人的吗？
确认是否投保人本人,那请问一下您是投保人本人吗？
确认是否投保人本人,嗯您好先生请问您是投保人本人对吗？啊对请协助身份验证请问您叫什么名字！
确认是否投保人本人,对嗯您是投保人本人吗？对嗯您这个保单您现在来电手机号是保到预留手机号吗？哦不是！无效保单预留手机号来电投保人来电才能更改的。
确认是否投保人本人,嗯您是投保人吗？嗯。嗯提供您保单号或身份证号我帮您看一下嘛。
确认是否投保人本人,您是投保人本人吗？
确认是否投保人本人,投保人请问是您本人吗？
确认是否投保人本人,您是投保人本人吗说一下身份证号或保单号这边看一下您的保单？
确认是否投保人本人,您好为了确保您的信息安全这边与您核实一下信息请问您是投保人本人吗？
确认是否投保人本人,您是投保人本人吗？
确认是否投保人本人,嗯您好女士为了维护您的信息安全请您协助完成身份验证请问您是投保人本人吗？对请问您叫什么名字？
确认是否投保人本人,嗯。八二零四，七八八一。嗯为了保证信息安全跟您核对一下身份您是投保人本人吗？嗯不是。您不是投保人本人。
确认是否投保人本人,一三九八。一六二五四零八八嗯被保险人也是他本人是吗对？嗯感谢您配合是否成功。那是还没有交还没扣费是吧！是，银行卡是这个工中国工商银行卡吧！
确认是否投保人本人,六零二八。您好为了确保您的信息安全这边跟您核实一下信息请问您是投保人本人吗？
确认是否投保人本人,嗯您投保人本人吗？
确认是否投保人本人,您是投保人本人吗？
确认是否投保人本人,您是投保人本人吗？
确认是否投保人本人,四八九六。六六八八六六八八。啊！嗯好的。请问您是投保人本人吗？是的请问您叫什么名字锕？好行那。好的呃核实到您保单留的是一个幺八零的手机号码。
确认是否投保人本人,好的已经查询到保单了请问您是投保人本人吗？
确认是否投保人本人,嗯。四二二三。四二二三对吧嗯。您好女士请问您是投保人本人吗？对啊请问您叫什么名字？张青，好感谢配合信息核实成功。我这边的话看到您是从个险那边业务员那边购买的对如果您要退的话是要去我们保险公司柜面申请退保。
确认是否投保人本人,好的已经查询到保单了您是投保人吗？对姓名麻烦提供一下。
确认是否投保人本人,投保人的您是投保人本人吗？
确认是否投保人本人,请问您是投保人本人吗？
确认是否投保人本人,那您是投保人本人吗？
确认是否投保人本人,您是投保人本人吗？
确认是否投保人本人,您是投保人本人吗？
确认是否投保人本人,您不是投保人本人是吗？哎对我想到呀！
确认是否投保人本人,好您稍等那请问您是投保人本人吗？
确认是否投保人本人,那这边请问一下您是投保人本人吗？
确认是否投保人本人,请问您是投保人本人吗？
确认是否投保人本人,您是您本人是吧！
确认是否投保人本人,嗯好稍等为保障您信息安全需要跟您核对一下身份信息请问您是投保人本人吗？
确认是否投保人本人,您好女士请问您是投保人本人吗？
确认是否投保人本人,您好请问一下您是投保人。
确认是否投保人本人,为了维护您的信息安全需要坐下身份验证请问您是投保人本人吗？
确认是否投保人本人,被保险人是他本人吗？
确认是否投保人本人,呃请问您是投保人吗？是的嗯请问叫什么名字？
确认是否投保人本人,您是投保人本人是吗？
确认是否投保人本人,好女士您是投保人本人吗？
确认是否投保人本人,请问您是投保人本人吗先生？
确认是否投保人本人,您是投保人本人吗？
确认是否投保人本人,请问您是投保人本人吗？
确认是否投保人本人,您是投保人本人是吧！
确认是否投保人本人,嗯您好请问一下您是投保人本人吗女士？
确认是否投保人本人,为了维护您的信息安全需要坐下身份验证请问您是投保人本人吗？
确认是否投保人本人,六三请问您是投保人本人吗？
确认是否投保人本人,嗯，请问您是投保人吗？
确认是否投保人本人,请问您是投保人本人吗已经购买了还是没有购买呢？
确认是否投保人本人,请问您是投保人本人吗？
确认是否投保人本人,零二二八是吗？为了您的信息安全跟您核对一下身份您是投保人本人吗？
确认是否投保人本人,您是投保人本人吗？
确认是否投保人本人,先生您本人是吗？行。嗯女士这边看到今天上午是有客服帮您记录过的您这边是有业务员回复您了您是否有用有什么问题呢？
确认是否投保人本人,幺查询到跟您核对一下您是投保人本人吗？
确认是否投保人本人,您是投保人本人吗？
确认是否投保人本人,嗯您是投保人对吧！对嗯那这边有查询到保单您是说这个信息问题有什么吗？
确认是否投保人本人,幺三零，二二六零四二六，一九八五幺零幺幺零幺零幺零，三九四幺好的请问您是投保人本人吗？对是请问您的姓名叫什么名字？
确认是否投保人本人,嗯好请问您是投保人本人是吗？
确认是否投保人本人,嗯，没有了，这份保单投保人姓名。像你就是您本人是吗？
确认是否投保人本人,二零幺七。幺四零四幺四零四。九幺四零。九六四零。好的八八，四零八八。嗯。现在跟您核对一下身份请问投保人叫什么名字呢？好的。请问您是这个投保人本人吗？
确认是否投保人本人,请问您是投保人本人吗？保单号提供一下谢谢。
确认是否投保人本人,嗯好请问您是投保人本人是吗？
确认是否投保人本人,二五号码。今年嘛。对呀您是投保人吗？对啊！您稍等一下。呃查看到保单跟您核对一下您的名字跟我说一下。张文殊普。看到您名下是有一份给张梓安购买的公司常青树二零一六附加的住院险但是住院险的话您去年就没有交费了合同显示已经是无效的状态。
确认是否投保人本人,为了保障您的信息安全与您核对一下信息请问您是投保人本人吗？
确认是否投保人本人,为了保障信息安全请协助身份验证请问您是投保人本人吗？
确认是否投保人本人,四零。嗯。就是有有有。嗯。六零八八。好的请问您是投保人吗？哦我自己的那个！嗯请问您叫什么名字呢？王亚前往。对那这边帮您查询了一下看到目前一共交够五年了结果五次保费。哦那你这个指就只需要交五年的都已经交完了！他交完了嘛我知道的交完了。
确认是否投保人本人,好的简单先跟您核实一下女士请问您是投保人本人吗？
确认是否投保人本人,您稍等。请问您是投保人本人吗？
确认是否投保人本人,对您是投保人吗？
确认是否投保人本人,保险合同编号先生请问您是投保人本人吗？
确认是否投保人本人,好的谢谢请问您是投保人本人吗？
确认是否投保人本人,零零二四零零二四。嗯请问您是投保人本人是吗？对。
确认是否投保人本人,请问您是投保人吗？
确认是否投保人本人,嗯您是投保人本人吗？
确认是否投保人本人,请问您是投保人本人吗？
确认是否投保人本人,您是不是投保人请问？
确认是否投保人本人,怎么回事呢请问您是投保人本人吗？
确认是否投保人本人,您好女士请问您是投保人本人吗？是
确认是否投保人本人,请问您是这个投保人本人吗？
确认是否投保人本人,您好先生请问您是投保人本人吗？
确认是否投保人本人,五二五稍等一下。嗯请问您是投保人本人吗？
确认是否投保人本人,二三二久。我以前的那个，呃简单跟您核实一下女士请问一下您就是投保人本人是吧！
确认是否投保人本人,四八八您好。请问您是投保人本人吗对对对请问您叫什么名字？
确认是否投保人本人,对。好的请问您是投保人本人吗？
确认是否投保人本人,请问您是投保人本人吗先生？
确认是否投保人本人,您是投保人本人吗？
确认是否投保人本人,里面有有加到吗？我跟您核一下信息请问您是投保人本人吗？
确认是否投保人本人,嗯，为了保障您的信息安全跟您核对一下信息请问您是投保人本人吗？嗯请问您的姓名是。
确认是否投保人本人,您好为了信息安全首先需要核对身份请问您是投保人本人吗对？
确认是否投保人本人,是投保人本人吗？对您好帮您查到您就是一份。华夏富富有余终身寿险万能险附加了一个华夏福有重大疾病保险。
确认是否投保人本人,为了保障您的信息安全跟您核对一下信息请问您是投保人本人吗？
确认是否投保人本人,请问您是这个投保人本人吗？
确认是否投保人本人,配合，女士请问您是投保人本人是吗？对。请提供一下您的身份证号我帮您看信息。哦！
确认是否投保人本人,为保障客户信息安全需要您做信息核对请问您是投保人本人吗？
确认是否投保人本人,好的先生请问您是投保人本人吗？
确认是否投保人本人,嗯四零八八。好跟您核对一下身份您是投保人本人吗？
确认是否投保人本人,嗯，好请问您是投保人本人吗？
确认是否投保人本人,好的先生请问您是投保人本人吗？
确认是否投保人本人,x。请问您是投保人本人吗先生？
确认是否投保人本人,您好先生您是投保人本人吗？
确认是否投保人本人,您稍等。您是投保人本人吗？
确认是否投保人本人,七四嗯。幺幺零幺嗯。二三幺八。好的。为了维护您信息安全请您协助做身份验证您是投保人本人吗先生？
确认是否投保人本人,为了维护您的信息安全跟您核实一下身份请问您是投保人本人吗？
确认是否投保人本人,请问您是投保人本人。
确认是否投保人本人,好的请问您是投保人本人吗？对请问您叫什么名字？嗯
确认是否投保人本人,六七零三嗯。转到。嗯没必要他。嗯，好的先生请问您是投保人本人吗？
确认是否投保人本人,是通话人本人吗？
确认是否投保人本人,二九六六。您好女士请问您是投保人本人吗？
确认是否投保人本人,零零幺六，嗯请您稍等。请问您是投保人本人吗女士？对您叫什么名字？
确认是否投保人本人,喂您好您是投保人本人对吗？
确认是否投保人本人,x。请问您是投保人本人吗？
确认是否投保人本人,那您是投保人本人吗？
确认是否投保人本人,您好先生请问您是投保人本人吗？
确认是否投保人本人,您是投保人本人吗？
确认是否投保人本人,好谢谢请问一下您是投保人吗？
确认是否投保人本人,可以请问您是投保人吗？
确认是否投保人本人,请问您是投保人本人吗？
确认是否投保人本人,请问您是投保人本人吗女士？
确认是否投保人本人,嗯可以请问您是投保人本人吗？
确认是否投保人本人,您好女士请问您是投保人本人吗？
确认是否投保人本人,就是您本人是吗？
确认是否投保人本人,嗯我说您就是您说您本人对吧！
确认是否投保人本人,有查看到跟您核对一下您是投保人本人吗？
确认是否投保人本人,您就是投保人本人吗？
确认是否投保人本人,是投保人本人吗？
确认是否投保人本人,嗯好请问您是投保人本人吗？
确认是否投保人本人,嗯先生请问您是投保人本人吗？
确认是否投保人本人,喂您好您好女士请问您是投保人本人吗？
确认是否投保人本人,好的请问您是投保本人吗？
确认是否投保人本人,三三八幺。嗯。请问您是投保人本人。
确认是否投保人本人,是投保人本人吗？
确认是否投保人本人,i三五。请问您是投保人吗？
确认是否投保人本人,好稍等。嗯。好请问您是投保人本人对吗？哦对请问叫什么名字！
确认是否投保人本人,您好您是投保人本人吗？对，麻烦请问您保单号和身份证号码帮您查询。
确认是否投保人本人,好吧好的嗯跟您核下信息请问您是投保人本人吗？嗯请问您叫什么名字？
确认是否投保人本人,请问您是投保人本人吗？
确认是否投保人本人,请问您是投保人吗？嗯对呀您说一下保单号或者身份证号我帮您查询一下幺零。
确认是否投保人本人,是吧！呃您是投保人对吧！
确认是否投保人本人,您好为了信息安全首先需要核对身份请问您是投保人本人吗？
确认是否投保人本人,零八九七三请问您是投保人本人是吗？
确认是否投保人本人,为保证客户信息安全需要。做信息核对请问您是投保人本人吗？
确认是否投保人本人,嗯，好的请问您是投保人吗？不是，那您说一下保单号我帮您查询，保单之后，是否是号码保单号码。对保单号保险合同编号您说一下。哎呀！
确认是否投保人本人,可以投保人请问是您本人吗？
确认是否投保人本人,您是投保人本人吗？
确认是否投保人本人,嗯可以请问您是投保人本人吗？
确认是否投保人本人,是投保人。本人吗？
确认是否投保人本人,对，嗯然后的话就是被保人是您本人的这个乘人数二零一六。
确认是否投保人本人,是提供一下保单号或身份证号查一下您的保单。嗯。嗯。嗯。好的核对一下身份是投保人本人吗？叫什么名字？好的感谢配合。缴费稍等我看一下，两份保单是吧都缴费成功了？
确认是否投保人本人,您好女士请问您是投保人本人是吧！
确认是否投保人本人,请问您是投保人本人吗？啊！叫什么名字？
确认是否投保人本人,嗯您是投保人本人吗？
确认是否投保人本人,请问您是投保人本人吗？
确认是否投保人本人,八四好的。请问您是投保人本人吗？
确认是否投保人本人,七九八八，好的您稍等。请问您是投保人本人吗？
确认是否投保人本人,我啊！您好请问您是投保人本人吗？
确认是否投保人本人,您的身份证投保人。是您是吗啊！
确认是否投保人本人,您是投保人吗？
确认是否投保人本人,呃您是投保人本人对吧！
确认是否投保人本人,好您是投保人本人吗？
确认是否投保人本人,为了保障您信息安全跟您核对一下信息请问您是投保人本人吗？
确认是否投保人本人,请问您是投保人本人吗？
确认是否投保人本人,嗯请问您是投保人吗？呃。
确认是否投保人本人,嗯好您是投保人本人是吧！
确认是否投保人本人,嗯您是投保人本人吗？
确认是否投保人本人,就是您本人对吗？
确认是否投保人本人,好您稍等。那请问您是投保人本人吗？
确认是否投保人本人,啊请问您是投保人本人吗！
确认是否投保人本人,您是投保人本人吗？
确认是否投保人本人,请问您是投保人本人吗？对请问您叫什么名字？
确认是否投保人本人,好的请问您是投保本人吗？
确认是否投保人本人,谢谢为了维护您的信息安全请您协助完成身份验证先生请问您是投保人本人对吗？
确认是否投保人本人,好的为了维护您信息安全请您协助完成身份验证您是投保人本人吗女士？对。请问一下您叫什么名字呢？
确认是否投保人本人,嗯请问您是投保人吗？
确认是否投保人本人,嗯好的请问您是投保本人吗？
确认是否投保人本人,请问您是投保人本人吗？
确认是否投保人本人,幺查看的话跟您核对一下您是投保人本人吗？是您的名字跟我说一下。
确认是否投保人本人,您是投保人本人吗？
确认是否投保人本人,九为了保障您的信息安全跟您核对一下信息请问您是投保人本人吗？对零七联系女士，呃那您的话你们你们太清您说话。
确认是否投保人本人,嗯请问您是投保人本人吗？
确认是否投保人本人,零零二五。好的请问您叫什么名字呢？嗯还。需要修改您本人的身份证有效期对吧！
确认是否投保人本人,嗯，请问您是投保人本人吗？
确认是否投保人本人,就是投保人本人是吗？
确认是否投保人本人,您是投保人本人吗？
确认是否投保人本人,您好请问您是投保人本人吗？
确认是否投保人本人,因为您是投保人吗？啊！
确认是否投保人本人,好的跟您核下信息请问您是投保人本人吗？
确认是否投保人本人,好请问您是投保人本人吗？
确认是否投保人本人,五四九四。请问您是投保人本人吗？
确认是否投保人本人,好的请问您是投保人本人吗？
确认是否投保人本人,请问您是投保人本人吗？
确认是否投保人本人,嗯您是投保人本人吗？
确认是否投保人本人,好您是投保人是吗？
确认是否投保人本人,为了保证您的信息安全跟您核对一下信息请问您是投保人本人吗？
确认是否投保人本人,一下您是投保人本人吗？
确认是否投保人本人,请问您是投保人吗？
确认是否投保人本人,请问您是投保人本人吗？
确认是否投保人本人,嗯您投保人本人吗？是的那您请问一下您身份证号码。幺三零四零二幺三零四。
确认是否投保人本人,为了保障您信息安全跟您核对一下信息请问您是投保人本人吗？
确认是否投保人本人,农业银行是吗您稍等一下？对。账户所有人姓名是您本人吗？
确认是否投保人本人,七幺二幺a。嗯，您是投保人本人吗？
确认是否投保人本人,嗯您是投保人吗？对吧
确认是否投保人本人,零六二四，嗯您是投保人吗？对您的姓名，提示音，那您这个要退保的话可以在华夏保险官方网站上退保，我这边的话帮您查一下这个订单号。
确认是否投保人本人,您好为了确保您的信息安全这边跟您核实一下信息请问您是投保人本人吗？是的请问您的姓名女士。
确认是否投保人本人,没有了吗？请问您是投保人本人吗？对请问叫什么名字？赵玉比，好谢谢好的超过感谢配合您是在微信上退的还是在官网上，官网上，它上面怎么提示的？
确认是否投保人本人,人是您本人对吧！
确认是否投保人本人,零零二五。嗯。方便您好是这样的我给您看了一下。嗯您现在。您是投保人本人吗？
确认是否投保人本人,退保流程请问您是投保人本人吗？
确认是否投保人本人,就是您本人吗？
确认是否投保人本人,嗯好先生您是投保人本人吗？对您说一下您的姓名。湾东艺嗯好您稍等。您说一下修改新的手机号是多少？幺五二幺五二。
确认是否投保人本人,您投保人本人吗？
确认是否投保人本人,然后那您嗯您是投保人是吗？
确认是否投保人本人,请问您是投保人本人吗？对请问您的姓名是。
确认是否投保人本人,稍等一下。请问您是投保人本人吗？对问一下您叫什么名字锕？
确认是否投保人本人,嗯您稍等为保障您信息安全需要跟您核对一下身份信息，请问您是投保人本人吗？是嗯叫什么名字？
确认是否投保人本人,请问您是投保人吗？
确认是否投保人本人,好的简单先跟您核实一下女士请问您是投保人本人吗？
确认是否投保人本人,八六八六请问您是投保人本人吗？
确认是否投保人本人,我在嗯。嗯，您是投保人本人吗？
确认是否投保人本人,嗯好请问您是投保人本人吗先生？
确认是否投保人本人,好的请问您是投保人本人吗？
确认是否投保人本人,您好请问您是投保人本人吗嗯？嗯您说您这个已经办理过退保了是吗？我这两份还有一份没退啊！好我帮您看一下请您稍等。您是要退哪份保单呢？是那个刚才报的那个，他那边报那个不对您再重新说一下。
确认是否投保人本人,好的您稍等，请问您是投保人吗？对。请问您叫什么名字呢？
确认是否投保人本人,六六八八好这边跟您核对一下身份请问投保人叫什么名字呢？啊！请问投保人叫什么名字呢？王海洋，请问您是这个投保人本人吗是？嗯您说您在想在这个犹豫期之内进行退保是吗？对
确认是否投保人本人,请问您是这个投保人本人吗？
确认是否投保人本人,嗯好为了保证信息安全请问投保人叫什么您是投保人本人吗？
确认是否投保人本人,好的请问您是投保人本人吗？
确认是否投保人本人,嗯请问您是投保人本人。
确认是否投保人本人,好的请问您是投保人本人吗？
确认是否投保人本人,零一零七一零七。先生女士请问您是投保人本人吗？
确认是否投保人本人,先生您是投保人本人吗是？好的请您提供一下投保人身份证号我查一下。
确认是否投保人本人,好谢谢啊！哎！您是投保人本人对吧！
确认是否投保人本人,请问您是投保人本人吗？
确认是否投保人本人,请问您是投保人本人吗？
确认是否投保人本人,投保人本人吗？
确认是否投保人本人,投保人是您吗？
确认是否投保人本人,嗯，为了您的信息安全跟您核对一下身份您是投保人本人吗？
确认是否投保人本人,您是投保人本人吗？
确认是否投保人本人,一二一二一二一二六。二五八幺好的。请问您是投保人本人吗？对请问您的。
确认是否投保人本人,好谢谢请问一下您是投保人本人吗？嗯对您报一下您的名字。
确认是否投保人本人,六二六。嗯五九八八。投保人姓名。票一瓶。嗯就是您本人是吗？对。感谢您的配合女士！嗯确实是有一份这样的保单的。嗯。由于您综合不是原电话来电呢是以保单的具体情况我给您看不了麻烦您核对一下您的身份证号？您说一下您的身份证号码。三四零七零二嗯。一九七七，零四零四。
确认是否投保人本人,您是投保人本人吗女士？请问您是投保人本人。请问您是投保人本人吗？
确认是否投保人本人,请问您是投保人本人吗？
确认是否投保人本人,好的请问您是投保人本人吗？对，请问您的姓名叫什么名字？
确认是否投保人本人,好请问您是投保人本人吗？
确认是否投保人本人,您是投保人本人吗？对保单留的号码是打或者这个嘛，对那您告诉我一下身份证号或者保单号看一下。
确认是否投保人本人,您是投保人本人吗？
确认是否投保人本人,就是投保人本人对吗？
确认是否投保人本人,嗯。为了确保您的信息安全我们需要进行身份验证请问您是投保人吗？
确认是否投保人本人,就是您本人吗？
确认是否投保人本人,好的请问您是投保人本人吗？
确认是否投保人本人,唉你好您好请问您是投保人本人吗！
确认是否投保人本人,富贵竹那您先提供一下投保人身份证号您是投保人本人是吗？
确认是否投保人本人,好的请问您是投保人本人吗先生？
确认是否投保人本人,那我先帮您查询一下请问您是投保人吗？
确认是否投保人本人,好的您叫汤先生本人对吗？
确认是否投保人本人,告诉您是汤先生本人是吗？
确认是否投保人本人,测了。嗯您是投保人本人吗？
确认是否投保人本人,就是投保人本人对吧！
确认是否投保人本人,您是投保人本人吗？
确认是否投保人本人,请问您是投保人吗？
确认是否投保人本人,好的稍等。您好女士请问您是投保人本人吗？
确认是否投保人本人,五三四二请问您是投保人本人。
确认是否投保人本人,您好帮您小张很高兴为您服务，喂您好我想问一下我想退保。嗯那您是投保人本人吗？对那提供一下保单号我来查询一下。
确认是否投保人本人,幺零幺零三九二幺。嗯对请问您是投保人本人吗？
确认是否投保人本人,有查询到跟您核对一下您是投保人本人吗？
确认是否投保人本人,好的请问您是投保人吗？
主动询问退保原因,感谢您的配合您稍等！这边看您购买是这个常青藤那您现在就是想退保是因为什么原因想退保呢？
主动询问退保原因,怎么操作呀！我就产品还是非常不错的您这个都已经交了。两年的为什么要退保呢？
主动询问退保原因,你再说一下。稍等一下。就是现在要赎回是吗先生？对。就是您是什么原因要退保呢？呃因为还没有电视。好明白这边看到您这个是一五年七月十六号生效的，也就说你这个合同到一八年的七月六七月十六号就满三年了退保就不和您手续费哦！
主动询问退保原因,因为什么原因要办理退保呢？
主动询问退保原因,嗯，那您是由于什么原因退保那先生？
主动询问退保原因,被保险人是郝晓峰的是吧！稍等。那这边有查到这个保单是公司的长技术二零一五产品保的是六十一种重疾十五种轻症保障期限的话是到被保险人终身的。这个产品的话帮您看一下。女士您交费交了三次累计交了一万三千多元。退的话截止到今天也就只能退到三千三百二十一点七六元损失很大的因为什么想退呢？
主动询问退保原因,呃李先生您好这个是您在去年投保的这个财富宝养老年金c款啊他是交费三年五年之后可以取您是为什么想现在退的呀！
主动询问退保原因,刘江嗯好感谢您配合是有什么原因现在想退掉呢？
主动询问退保原因,对要咨询一下是吗那我先给您看一下这个常青树全能版的然后您去的时候的话现金价值是多少？您稍等嗯嗯嗯，您是因为什么原因要退呢？嗯。
主动询问退保原因,提单的这个退保损失很大的您这个是什么原因？
主动询问退保原因,嗯那这样先生麻烦问一下您是出于什么原因想退保的？
主动询问退保原因,最近说，是已经过了犹豫期了现在退保的话是按照现金价值来给您退还的您是因为什么原因要退保呢？
主动询问退保原因,请问您是投保人吗？嗯对请问您叫什么名字网银感谢配合信息核对成功？您这个投保的是服务您们智慧版因为什么原因想退了呢？
主动询问退保原因,好的出于什么原因想退保的也看了也是刚买的这份保单？对是刚买的对出于什么原因想把这份保单退保呢？
主动询问退保原因,好的您稍等。您现在为什么要进行退保呢？嗯就是您，退保的原因是什么呢？
主动询问退保原因,感谢您配合信息核对成功您是因为什么原因想退呢！
主动询问退保原因,嗯您这个还没有签收回执的您这个为什么想退吗？
主动询问退保原因,嗯好的感谢您配合嗯那您刚才说退保的话指的是什么保险要退呢？
主动询问退保原因,嗯那请问是有什么原因要申请退保呢？不合适。就觉得不合适对吗？行那您看看您保单目前是在犹豫期内的犹豫期内退保的话是退您全额。
主动询问退保原因,有。嗯幺零二二，您让投保人本人接下电话谢谢。那是比较。嗯喂你好您好女士您叫什么名字？噢上学呀！女士这个是财富宝两全保险分红型这份保险您当时交三万交三年保险期间是六年的六年是满期到满期按照退还您嗯十万零三千四百一十元加上分红的还是非常不错的出于什么原因现在想退掉它了？嗯。
主动询问退保原因,嗯没有我最近要买车了有点紧。
主动询问退保原因,感谢您的配合您稍等！这边显示您购买是正常就是多对吧那您是由于什么原因想退保呢？呃。
主动询问退保原因,嗯您这边是由于什么原因想退保呢？
主动询问退保原因,确实还是处于犹豫期内您是出于什么原因想现在终止呢？嗯嗯。嗯因为我从来没买过保险，我买了那我现在。他们有用还是有点近。不放心。
主动询问退保原因,您的什么原因退袁女士？
主动询问退保原因,因为我明天给你们打电话了我说我就是保险不清楚我想问一下也没有人给我回电话我说奇怪了我就到现在为止都不知道这个到底保障啥呢我问了一下你没有人接电话？
主动询问退保原因,是因为什么原因要退呢？
主动询问退保原因,好你那现在，请问你是出于什么原因那个退保的？
主动询问退保原因,那什么原因退呀女士？
主动询问退保原因,您看您是因为什么要进行退保呢？嗯因为我现在嗯之后吧然后。
主动询问退保原因,终止没什么原因终止先生？
主动询问退保原因,一直是返到终身。嗯您现在是出于什么原因想退掉这个产品的先生？
主动询问退保原因,您的姓名。刘霖。好的女士这边身份核实成功这边看您保单是有一份是去年买的您这个想退吗？嗯对。嗯为什么要退保呢？嗯嗯嗯。房因为那个您看一下您这个保单，如果要退的话是按照保单现金价值退还的是有一定损失。我给您看一下。
主动询问退保原因,损失还是比较大的女士您为什么要办理退保呀！
主动询问退保原因,是吧对？您是要退呀！
主动询问退保原因,好感谢配合这边看到您去年八月份买了一份常青藤两全保险。是这边要退保吗？对哦前面是相当不错的你们什么这个要退保呢！
主动询问退保原因,呃出于什么原因想现在终止呢我看到您已经交了几年保费了？
主动询问退保原因,好的身份核实成功。您好女士您现在说着急用钱要退保是吗？
主动询问退保原因,您现在处于什么原因想要退掉呢？
主动询问退保原因,那在一八年的七月十二号投保的七月十三号生效的这份华夏西南年金保险呢交费交五年保单是保终身的那如果您保单？嗯那如果是因为什么原因不想持有呢？
主动询问退保原因,是不是停五年的是不是都作废了还是怎么是吧！帮您核实一下。好。请问什么原因？
主动询问退保原因,请稍等。嗯您是投保人是吧女士？嗯嗯，嗯好稍等帮您看一下。嗯您好是因为什么原因想退啊女士？
主动询问退保原因,那这边给您查询了一下这份保单现在退保退还的现金价值的话只有三百七十二块钱的什么原因现在想要退掉它呢？
询问是否已购买产品,请问您最近投保了吗？
询问是否已购买产品,那请问您最近有买我们华夏保险公司的保险产品吗？
询问是否已购买产品,嗯您是还没有购买需要咨询吗还是已经购买了呢？
询问是否已购买产品,嗯请问您是已经投保了吗？
询问是否已购买产品,您投保了吗？
询问是否已购买产品,还没有购买的是吗？
询问是否已购买产品,嗯之前是购买过就是了解过没有。
询问是否已购买产品,华夏福重疾二零这个您是已经买了吗还是没买呀女士？
询问是否已购买产品,嗯那这样的先生请问您是已经投保了吗？
询问是否已购买产品,嗯这个华夏黄感受年金返还的是一款年金险请问您是已经投保了吗？
询问是否已购买产品,好请提供保单号，因为投保，没有投保呢是吗？
询问是否已购买产品,啊有这样的险种请问您是已经投保了吗！
询问是否已购买产品,请问您是投保人本人吗已经购买了还是没有购买呢？
询问是否已购买产品,现在公司是有常先生您是购买了还是还没有购买呢？
询问是否已购买产品,是的请问您现在是想购买是吗？
询问是否已购买产品,您买的是公司什么产品呢有购买吗？
询问是否已购买产品,是想要购买还是已经买了。啊
询问是否已购买产品,守护神它就是一个意外险啊您买的是多少钱呢？
询问是否已购买产品,您现在是还没有投保是有这个意向想要投保这个还不都退保是吗？
询问是否已购买产品,华夏询问年金保险您这边的话请问是已经购买了呢还是没有购买呢？
询问是否已购买产品,您是已经购买了这款产品了吗？
询问是否已购买产品,好您稍等，您是要购买保险是吧！
询问是否已购买产品,好的那您看您是想要购买公司重疾产品是吗？
询问是否已购买产品,您是已经投保了还是没有投保上头。
询问是否已购买产品,那我公司买了还是没有购买呢？
询问是否已购买产品,请讲您的保单号或者是您的身份证号码查询您投保的什么产品？
询问是否已购买产品,我心想直接就。先生您是说是办过这种保单的是吗？嗯办公时间给您提供一下投保人身份证号我查一下您这份保险。
询问是否已购买产品,分红型的年金保险您试一下对有的您是现在已经投保了吗？
询问是否已购买产品,您现在是已经投保了还是说还没有投保。
询问是否已购买产品,已经投保了是吧！
询问是否已购买产品,嗯您是购买了公司保险产品了嘛。
询问是否已购买产品,就保的是已经买成功了吗还还没有买呢？
询问是否已购买产品,您好女士您当时是在这个支付宝里面买的这个产品嘛。
敏感词,住址吗就说最难听的还没拿到合同都没加个什么东西就讲我当时我买个菜呀我没拿到我买个？
敏感词,是的是啥子我都没拿到东西你就跟我核效了？对不对就什么手指什么溃疡了十天犹豫期回到十五天犹豫期你要跟我说一下？
敏感词,保单他就跟我核消了我也没见到保单犹豫期是从您签收回执开始计算的您要说没有拿到保单我帮您反馈让公司工作人员给您核实。我没拿到保单后他就给你核销了现在我又不知道买的啥东西我又没见合同也没有嘛那保单我可以帮您反馈好吗？哦反馈我就要投诉它！
敏感词,因为您是通过手机微信投保的。它可以通过官微签回执。那个产品比较特殊，没有签回执您就是说您没有欺骗我可以帮您反馈好吗？然后就没拿到合同合同应该是不是跟我没有送？
敏感词,我现在不要这个保单他把咱们的。你说这个问题怎么怎么处理？您的问题。
敏感词,对不对啊！我刚我什么都没嫁到？加拿大现在都十几家了我都没嫁到合同？你说这个应该怎么办你好？您的问题这边会帮您反馈后期会有工作人员处理的，我都没拿到合同你就给我把这个下载二十八个像你帮我签的时候你跟我说现在加回执之后还有是这样的有一个。
敏感词,那之前为什么不跟我说时间？这会签的回执你说一下我查一下我现在一个十六日签的回执因为您是通过手机微信投保他比较特殊可以签电子回执也可以签纸质的因为您是签了电子回执。十六号签的所以说犹豫期过了。因为过了你起码我加个十六号现在你跟我要说我今年三十前段时间我学驾照犹豫期是不是要给我说一下？真的我们家里不是我一个人还有老公打对不对我知道买保险保险老婆也顾家老公月初加。我们是一家子来我这边要到家有老公看一下给小孩买的什么保险对不对我不能糊里糊涂买个保险你跟我把回执一家现在给我退不了？责任主卡重大我不要这个保险了我感觉这人家不行。那您当初投保的时候工作人员没有告诉您有犹豫期对吗？
敏感词,保险没有什么用我要他干啥？就像你买个东西一样。
敏感词,十四完了。操你妈个逼下来那个退休之后的十五个工作日给我给我做。
敏感词,嗯就像这款产品的话他的保险期间最长是十年最短的话三周内就可以取的所以说是周年是到二零二六年一月十一号这个是最长的持有时间。
敏感词,嗯对的，然后到时候能取多少钱的话如果有电子保单呃之类的话有个现金价值表您可以参考一下算中途如果取能取多少钱的？
敏感词,这款的话就是年金产品治疗下周您就可以取的最长就十年的，三周年之后如果不取什么时候想去都能取的？您要买三年。
敏感词,对的三周年且比较合适最短三周年去比较合适的。
敏感词,如果三十年之内取的话就是按照现金价值来进行渠道可能到是呃保费的话是有损失的。
敏感词,对的所以说最短三周年且比较合适的。
敏感词,还有那个产生的这个利息。
敏感词,我们是华夏人寿保险公司的不是，保险理财产品。
敏感词,您好魏女士。那我这边帮您查询到您购买的是理财类的保险产品。
敏感词,呃您用普通话说不好。
敏感词,到今年的之后你说有多少钱？您是两万元的保费交三年嗯，三年以后五年之后会领取六万八千六百元的。保额。两万块钱。是的两万块钱您交三年。幺三。是的。您的两万块钱您。您交到三年以后。六年之后您会领取到六千八百。抱歉六万。八千六百元的保保额。
敏感词,那所以说您可不行啰！三年以后领取会收取退保费用。
敏感词,以后领取多少钱他有一天到多少钱唻？这个您您可以拨打我们公司客服电话九五五三零零进行咨询您看。
敏感词,啊！您六年后可以领取比您。比您保费当时交的保费多的八千六百元。请您了解。哦他是那样子的！
敏感词,您说呢以后也可以理解吧！那您以后可以领取但是。退保将退还保单您保单的现金价值是否有损失和您持有保单的时间有关系现金价值表在合同后面打印着您可以参考。
敏感词,那个那也有多少钱呢？这个您可以。三年领取退还的是您的保单现金价值是否有损失和您持有保单的时间有关系现金价值表在您的保单的合同后面打印着您可以参考我们这边是看不出来您三年以后领取。会领到多少钱的？
敏感词,两万元的保费。幺嗯三年。一共是六万的保费。六万的保费如果，领取的话。有是否有损失在哪？和时间您持有的时间有关系。
敏感词,您一次性交了这些钱您五年之后是可以把您的保费和一定的收益领取出来了这是一款理财产品。哦哦！中途。
敏感词,可是已经停售了现在不能加呀！
敏感词,业务员是怎么跟您讲的我这边不太了解您这个问题呢我这边已经给您登记了会让我们公司这边核实之后与您联系的好吧！
敏感词,业务员具体怎么跟您讲了我这边也确实看不到然后我这边问题已经给您登记反馈了让我们公司核实之后？
敏感词,唉没有呀！是按合同都会来电也可以啊！
敏感词,说往自己的，就是先生您对吧我帮您查一下您买什么保险？昨天摔跤。常青树，就是这份保单是可以贷款但贷款的话是在现金价值的百分之八十。那可能的话是您是购买多久呀！
敏感词,取这个钱现在就是没有那种手续费您可以现在可以。
敏感词,三年以后是才可以就是全部取出来的。
敏感词,好的会全数退您还有里所有所说的那个利息什么的？好的你说现两年多。
敏感词,保险不知道。您的这一款具有理财功能的保险是财富宝养老年金保险。
敏感词,你外面是吧！您在您在，中国邮政银行购买了我公司的财富宝养老年金保险c款产品您知道您当时购买的是一份保险理财产品吗？我不。
敏感词,不知道的吗？您。这边显示您在。中国邮政银行购买了我公司华夏财富宝养老年金保险c款产品您知道您当时购买的是一份保险理财产品吗？
敏感词,这个保险是可以退保的呀合同满五年以后就可以退了。如果说买五年以后不想退最长持有的时间到终身。满五年以后任意一个时间办理都可以。
敏感词,您想取出来是吗？
敏感词,对就把您所交的保费和您的收益全部都退还给您。
敏感词,呃有没有固定的收益啊！
敏感词,这边目前是不清楚的女士。到时候满五年之后然后您让您母亲用原电话打过来然后查询看一下具体的收益是多少好吗？
敏感词,是四四的利息百分之四假如每年交一万两年交满五年退两万三千六百元您可以理解为每年的收益是百分之四。
敏感词,投保就是钱拿出来连本带利拿出来以后合同就终止了。嗯。
敏感词,连本带利东西对合同不了是吧对？
敏感词,恩他主要是一款理财的理财型的一个产品保险产品。
敏感词,呃是的，每年是交一万块一万块钱连续交三年满五年就可以领取您的保费再加上您的收益了。请问
敏感词,嗯您这个是连续交三年但是满五年您才可以领取您的保费加上您的收益中间呢您也是可以领取的但是呢？呃满五年的话呃这样的话您的收益是不会收到影响的，您最好如果说不着急用钱的话您最好满五年您在联系您的保费加收益。
敏感词,嗯先生您是指您的合同到期了想取钱是吗？
敏感词,嗯这个优惠这方面我们这不太清楚我们只能帮您看到这份这个保险然后保障什么东西？
敏感词,三年以后能拿到多少钱？呃您说您的三年之后您的收益的嘛。对呀！
敏感词,他到之前银行跟我说的。是我应该不对呀！呃他这边是跟您现在怎么修的？那个应该是在五万五的样子。我您稍等一下啊！嗯那这样我暂时给您查询到的就是这个呃给您参加就十五万三千五百如果您当时是对都是银行跟您说是五万五万五千多差不多是吗嗯呃对？嗯行您稍等一下。当时购买呃跟您就说是您存满一年以后给您。
敏感词,你是听不懂您的这个问题您是说这份保险单是怎么？
敏感词,交两年存五年。
敏感词,对对。所以说您这边还是考虑一下然后现在退的话您要赔。六千块钱然后看了一下您这个是当时投的是十年交的如果您要是交满期的话按照每一年您交保费的一万元的百分之五收益也就是十年。十年的话您能拿到您的本金加上这十年每年百分之五的收益。
敏感词,好好。行这边的话建议您还是考虑一下这个就是说呃您交十年的钱五年退的话都是会赔的比较多然后五年的话相对来说就是呃越来越赔的少一些然后到九年十年的时候这个您都可以把本金拿回来了。
敏感词,我这里看不到您卡里有没有钱呀！哦那我我那个有足够的保费的话它是自动就划款的！他现在没有还嘛。
敏感词,复效利息没多少呢女士？它是按怎么他是怎么样的价格来上海的什么方法上的呀！他有一个具体的核算的一个。
敏感词,好的女士那这边的话帮您登记您的试一下到时候产生的费用的话我多存的这个费用，不是那个不清楚他这个的话。
敏感词,您这个是因为什么原因要退保呀！
敏感词,才能收回来问他时间妈的三千块钱太长了。您现在但是您现在如果要退的话确实只能四百多您要不再考虑一下吧！嗯我看看。
敏感词,到底是什么意思啊！
敏感词,的懂吗？那您这个的话目前的话保单上缴费的银行卡是一个工商银行卡卡号七位数字四零四八二的。还是您之前的那张卡呀！
敏感词,拿不出来呀！呃
敏感词,您说什么先生？您好我这边听不懂您讲话您看您是否可以说话呢？我说话。
敏感词,一下报案人的信息您怎么称呼呀！我姓吴口天吴安静的静。
敏感词,您的这个身份证号码我这边查询投保人是一个姓刃的女士呀！
敏感词,那给我她幺三零的呀！
敏感词,对呀！
敏感词,嗯就是让他按照他的呃实际情况来填写呀！
敏感词,我知道阿。什么？现在换了身份证了。所以您拿着身份证什么的别把您身份证号报给我呀！没拿哎！那您不是变更有效期限吗那您得把您变更的河西区给我给您变更一下先生？
敏感词,吗女士？对呀！
敏感词,对呀那。
敏感词,是您自己的保单吗还是还是客户的保单呀！
敏感词,身份证吧！我确实听不太懂您到底要为什么？
敏感词,属于中途退保那最后有些损失只能退现金价值的。你你你你说清楚没听清楚。
敏感词,你觉得是不是骗子？啊现在现在生病了还是保险对吧你现在不不整！我现在能把钱我现在要赔钱。那您如果现在要退的话只能退还现金价值就会有一些损失的。退什么？
敏感词,嗯，您当时买的这个保险的话是留的这个手手机号是多少呀！
敏感词,那您把身份证号清我帮您查呀！
敏感词,您之前绑定的手机号是哪一个呀！
敏感词,哪个手机号呀您？
敏感词,哎你好！
敏感词,怎么样？之后如果身故的话也是有赔付的呀！
敏感词,对。那保单就会一直存着呀！人冒可能会有生病的时候也可能会有身故的时候呀身故的话就会有赔付。
敏感词,不单保疾病的呀就是患了重疾的一些患了重疾这份保单如果患了本合同的重疾会进行赔付的也保身故全残的。
敏感词,保单有啊看到您买的这个华夏财富宝养老年金保险c款一七年的四月十六号买的呀！这个保单现在是在晚上是吧！你你跟我。
敏感词,嗯对呀你是呃不对您现在想交了一次一八年的交一次交两这样需要。您今年没有交呢十万块钱？
敏感词,那我因为我也开了很能连长晚上就是我就是说他们告我说就是那我就办完了说吧！退。嗯好嗯好那感谢您来电再见唉等一下。
敏感词,没查到吗？稍等。被保险人叫什么名字？究竟还他出险是由于什么原因？
敏感词,我们这边查询不了但是没懂您家那个话我们这边只听这个普通话说的不准。
敏感词,听不懂。
敏感词,先生您看您方便说一下普通话吗不好意思啊！
敏感词,呃先生您看您方便说普通话吗这边确实听不太懂？
敏感词,嗯抱歉女士我这边电脑确实是卡住了没有办法。
敏感词,呃主要是听不懂您当地方言您要说太快的话我就更听不懂您说慢一点我还能听得懂您现在是要退吗还是说您再考虑一下？
敏感词,什么鬼？每个产品他销售渠道是不一样的这个产品就通过公司业务员在卖营销渠道咱们电话渠道是不在不卖的。什么渠道您办？营销渠道就是我们公司业务员在买。取消取。
敏感词,我没有听清楚，只要是没超过终生上下五百元限额以内的就可以持续续保的。嗯。
敏感词,嗯不太明白您的意思了您再说一下。
敏感词,不知道阿。
敏感词,之后我不太清楚您说的为什么打不通？那有可能是说那边现在没有人有可能他们在开会什么的可能打不到？但是我们这边能够帮您查的进来。
询问了解产品的渠道,嗯。女士请问您是在什么渠道了解到的呢？
询问了解产品的渠道,您是在哪看到的呀！
询问了解产品的渠道,资料购买，个险渠道。
询问了解产品的渠道,好那之前没有工作跟您联系过是吧！没有我们是通过什么渠道了解到这个常青树险种的呢？
询问了解产品的渠道,我我不认识业务员我现在就是玻璃是通过哪里了解到这个产品？
询问了解产品的渠道,你说我家的地址吗？呃这个不用觉得校区就可以了。那我跟您确认一下就是您朋友。是，电销渠道这业务员那他给您推荐的常见全能版您确定吗？
询问了解产品的渠道,之前是有工作跟您联系过给您推荐这个保险的吗？没有啊！那您是通过什么渠道了解到这个产品的呢？
询问了解产品的渠道,帮我之前有工作人员联系过您吗？
询问了解产品的渠道,本月嘛。我们这边只能是看到当地的贵呃公司地址像您说的这种产品我们这边就查不到了。之前是有人给您介绍过公司的保险吗？
询问了解产品的渠道,给您推荐的嘛我看到网上看到的。
询问了解产品的渠道,当地的公司柜面那个业务员那里还是从电话渠道购买。
询问了解产品的渠道,女士您是要购买我们重疾险是吗？对我想咨询一下，就是您看您是通过哪个渠道了解到的话？
询问了解产品的渠道,您是在电视购物上看到的吗？
询问了解产品的渠道,不认识业务员我现在就是玻璃是通过哪里了解到这个产品我是听别人给我？
询问了解产品的渠道,请问您是通过什么方式购买的呢？
询问了解产品的渠道,支付宝里面不是有一个你那。
询问了解产品的渠道,查的到我那个银行由五百块的娱乐保价在那里然后我就写了一个详情那里是有你们华夏。华夏人寿淘宝请按键的那个。
询问了解产品的渠道,您好女士您当时是在这个支付宝里面买的这个产品嘛。
询问是否已有业务员讲解,之前我们这边给您介绍过吗？
询问是否已有业务员讲解,对它确实有年金返还类型的险种是有业务员给您介绍过吗？
询问是否已有业务员讲解,嗯好那就是现在就并不是您自己投保还是家里人投的保是吧！对嗯好那就说您现在是有没有业务员给您介绍过对吗？如果购买重疾险的话只给孩子孩子的话现在我们如果保障比较全面一些的像常青树系列的。保障内容都会比较全面一些孩子的话目前有推出这种专门为孩子购买的。像福利常青树少儿版针对于孩子的。
询问是否已有业务员讲解,咨询一下。可以。之前有业务员。
询问是否已有业务员讲解,嗯之前是没有工作人员给您介绍过是吗？
询问是否已有业务员讲解,之前有业务员跟您联系过吗？没有那您现在是想买什么产品我帮您反馈安排业务员跟您联系也可以？
询问是否已有业务员讲解,给您是有工作人员给您介绍是吗？
询问是否已有业务员讲解,投保的吗是吗是有业务员给您介绍过吗先生如果没有的话我这边可以帮您登记反馈如果有的话您就直接联系他就可以？
询问是否已有业务员讲解,等一下没有工作人员给您介绍过是吗？
询问是否已有业务员讲解,那您现在是想让业务员给联系是吗额我想让业务员给您退我可以帮您反馈安排业务员跟您联系可以之前有业务员跟您联系过吗？
询问是否已有业务员讲解,之前是有工作跟您联系过给您推荐这个保险的吗？没有啊！那您是通过什么渠道了解到这个产品的呢？
询问是否已有业务员讲解,嗯您之前有业务员给您介绍过吗？
询问是否已有业务员讲解,本月嘛。我们这边只能是看到当地的贵呃公司地址像您说的这种产品我们这边就查不到了。之前是有人给您介绍过公司的保险吗？
询问是否已有业务员讲解,嗯您是之前有业务员给您介绍过吗？
询问是否已有业务员讲解,之前没有业务员跟您介绍过吗？
询问是否已有业务员讲解,我们的业务员跟您联系过呢嗯？根本就不懂一样。我觉得都是代办的。
询问是否已有业务员讲解,嗯您是之前有业务员给您介绍过吗？
询问是否已有业务员讲解,嗯好也没有说工作人员给您介绍过这种类似于重大疾病是吗您问到的都是告诉给您不能买的？
询问是否已有业务员讲解,我帮您查询一下稍等。哦！先生你好是这样的请问公司这边有没有呃业务人员或者是您的这个相关的工作人员。
产品介绍,重级保险。就是我们这边有很多呃您是像我们这边有华夏福系列常青树系列。嗯。您有没有之前了解过呢？
产品介绍,嗯有华夏不多对吧还有华夏福两全保险附加华夏福重大疾病保险。
产品介绍,就目前公司在售的这个重疾险常青树还有华夏福西路。都是保重疾的。
产品介绍,能办的话他这个，嗯看到这两重大疾病它都不分年龄的。我们是单独申请的。
产品介绍,身故的话它分这一个如果是十八周岁未满十八周岁的话就直接返保费按已交保费给生顾保险金合同结束。十八岁之后的话。
产品介绍,对十八岁之前身故是给保费的，直接把保费返还的合同结束。
产品介绍,对重疾它就是赔的。只有。
产品介绍,身故全残疾病中末期的十八岁以前的话都是按保费的。
产品介绍,对一五版的和钱能办的他身故。嗯。身故的话他都是十八周岁都给保费的。
产品介绍,等于说对于未成年的话他这个风险保额他是有限制的话一般的话是在。所以身故保额累计的话是二十万以下所以对于他这个身故赔付的话就直接赔保额的直接给保费的。
产品介绍,谢谢啊不客气。女士嗯这款险呢是一款疾病种类覆盖挂尔？然后心中诊即付比例高重疾保障额度高重疾分组合的也可多次赔付的重大疾病保险，您是哪里不清楚呢？
产品介绍,嗯未成年的话呃北上广深一般是八十万一般的话是呃七是七十万。正常的话然后嗯对然后具体呢是有分公司那边？为准
产品介绍,哦我们公司是有现在有个这样的活动但我不知道跟您说的是不是一样的有个这样的活动就是说！呃孩子满售后服务全家可以享受医保通有个这样的活动它是说投保人作为被保人的父母给被保人投保这个福利嘛年金保险是吧！这个保单呢单张保单总应交保费大于等于十万元保单是有效的状态那全家人包括投保人本人？他有和所有子女就可以贷款意保通。
产品介绍,介绍一下好吗？嗯这个的。话就是说。投保人作为被保人的父母嗯给被保人投保这个福利嘛年金保险少儿版，嗯总应交保费大于等于十万元。
产品介绍,是一次性支付年交保费乘以交费年期大于等于十万元就行然后保单是有效的状态。那就可以给全家人投保意保通呃这全家人就包括投保人本人配偶。
产品介绍,嗯。甲河也是夫妻嗯有。呃并核定两个孩子那如果是咱给屏投保这个附近的时候把满足要求的话那加可以，加给自己还有在北京也可以投保医保通但是假的父母不可以。
产品介绍,呃那我帮您看一下他的费率嗯。因为这医保通他是交一年保一年的他随着年龄增加他的费率是不一样的我们看了一下您到四岁首次投保的保费是六百二十一元。
产品介绍,就是六百一十三对是续保的话就是六百壹拾叁。
产品介绍,呃这个福利没年金保险稍候把它是有但是有年金返还的它的年金返还是。在第五个保单周年日。他会按照。当时已交保费的百分之二十来给付一次特别关爱金再第六个保单周年日开始每年会按照保额的百分之二十来给付年金每年返还一次到被保人终身。在被保人年满六十周岁后首个保单周年日零时生存的话会按照已交保费来给付一次祝寿金。
产品介绍,比如说我交十万块钱看您的保额是多少特别关爱金是按照您？第五个保单周年日已交的保费的百分之二十来给付这个如果是一年交一万交五年的话特别关爱金的话他是。呃给。一万元就是第五个保单周年日年金的话是按照保额的百分之二十来返的。
产品介绍,就每年返百分之二十。
产品介绍,不是保费嗯这个保单投保之后会根据被保险年龄根据他的费率是想他的保额的。
产品介绍,对吧！嗯这这个活动的话它不针对投保人的父母您可以去核实一下是不是这个活动我这边只是根据您的介绍给您大概判断一下是不是这个活动？
产品介绍,三十到四十投保的这个。
产品介绍,这这个是少儿版对服务里面年金保险是二百他是被保人出生前出院满五千到二十五周岁的。
产品介绍,不只是被保年龄。
产品介绍,是可以到什么年龄投保没有明确限制只要是公司能够审核通过就没问题嗯？嗯这个刚不假如说我们投保人给被保人。就是投保人对被保人的父母给被保人投保这个福利没啥老板那被保年龄要求就是到二十五周岁？
产品介绍,嗯。我跟您介绍一下公司的产品。公司现在呢有这个？福临门产品他是年金返还型的。比如说。对
产品介绍,嗯行那么目前您二十二周岁的话也可以选择法定的这个少儿版。
产品介绍,可以选择五年缴。
产品介绍,所以说这个是十年交。
产品介绍,可以。可以选择这样交费他这个，险种呢是被保险人年满六十周岁后首个保单周年日按照已交保费作为祝寿金返还？然后。被保险人您满五个保单周年之后。那么将按照已交保费的百分之二十几付一次特别关爱金？被保险年满第六个保单年度起。任一保单周年日零时都申请。
产品介绍,那就是第五个保单之后您按照您每年交一万交十年的话能返还的。特别关爱金是一万元然后从第六个保单周年日开始每年返还保额百分之二十这个保额是多少钱确实很抱歉先生我这边算不了我们会帮您预约工作人员给您试算的？
产品介绍,这个第一年交完没有返还。
产品介绍,他从去年九月份九月底开始销售的产品就没有当年返还的。
产品介绍,我刚刚跟您介绍的时候您打断我了。这个产品是第五个保单周年日返还保费的百分之二是已交保费百分之二十作为特别关爱金然后从第六个保单。
产品介绍,对第五个保单周年日开始。
产品介绍,对第五个保单周年日返还。嗯。
产品介绍,对如果您今年投保生效的话。
产品介绍,嗯然后返还已交保费的百分之二是作为特别关爱金。从第六个。
产品介绍,每年交一万交十年的话是一万元。
产品介绍,一万元。
产品介绍,这个只返还一次。
产品介绍,第六个保单周年日开始算一保单周年日零时生成那么就按照基本保险金额的百分之二十给付年金。
产品介绍,这个保险是保障终身的被保险人年满六十周岁，会返还一个祝寿金就是您满六十周岁后的首个保单。
产品介绍,第五个保单周年日第六个保单祝您第七个保单的每年有年金返还的然后六十周岁后首个保单周年日返还已交保费作为祝寿金保单仍然有效被保险从我还继续返还年金。
产品介绍,年金是吧！保额的百分之二十。然后祝寿金是您已交保费。
产品介绍,您好先生您又然后慧刚刚的问题了。我刚刚跟您说过您那个已交保费的百分之二是我刚帮您算过是一万元。但是保额我们算不了需要请业务员给您算。
产品介绍,华夏服务它这个保的是八十一种重疾四十二种轻症。
产品介绍,八十八周岁是住宿金的给付事发已交保费合同继续有效。
产品介绍,嗯然后的话有个轻症豁免，被保险人患了轻症可以豁免以后的保费。
产品介绍,他这个险种十八周岁之前话呢重疾的话是按照保额的两倍来进行赔的？
产品介绍,这是华夏服务，都背板的话就是多了一个重症疾病。请问您，对重症的话是可以赔付两次每次赔付的是保额的百分之五十。然后是，然后是保重大疾病分为五组。没组疾病可以赔付一次累积是可以赔付五次。
产品介绍,华夏福这边就是把他记住积分五十五了吗可以赔付一次？但它赔付的话都是按照保额来进行赔的。那华夏普通版的话他是六十岁之后保额会多一点pass的会多一点点。他八十八十九块呃祝寿金。嗯。
产品介绍,胰腺那可以买这个常青树少儿保，少儿版的话它是针对这个少儿版的它有特定重疾二十五种是可以做到双倍赔付的。
产品介绍,对合同里面他一共是足裂了是一百种重大疾病和五十种轻症。其他有特定的这个疾病保险金是有二十五种就是在这一百五一百种重疾里面好的零六出来二十五种。是可以做到一个两倍的一个赔付是专门针对小孩的是这个单，啊！然后这个话如果您需要投保的话可以帮您联系这边当地的业务员他可以跟您联系。然后协助您办理这个投保的手续。
产品介绍,那产品肯定是好的女士这个的话一次性交清五年到期。
产品介绍,这个是常青树全能版有在售。他保障的是五十种轻症一百种重疾。
产品介绍,三十万保二十年交女性的话需要每年缴费期间一百四十九元。就是交二十年。
产品介绍,二零零七的嘛。没有领取就是全能版。如果是您想给自己投的话。那这个。全呢嗯就是全能版的话您不能投了但是我们有一款是长期是二零一五它这个六十周岁前可以投保您可能也考虑一下看看要不要给自己？
产品介绍,年交的多少年？那个交费期追偿也是可以选二十年但像您这个年龄段的话二十年是没办法选的。那我们去交的怎么会？十五年可以是您是五十一周岁了，我是六零年十二月份嘛噢是五十七周岁，五十八周岁我十八九岁了五十八的话呢就这都可以选择十年交？交十年交十年每年交多少钱嗯交强险保额呢？就是三十年了要是，如果是三十万保额的话那就每年需要交费。两万一千二百二十八。一年交两万多对。哦就你看我！这也保终身。对。交十年。就没有，这个需要体检啥的吗？这个体检的话需要根据被保险人的情况来定。这个年龄投保的话是投保的三十万肯定是需要体检的。要是投保二十五年。嗯。
产品介绍,九十多准重大疾病。重疾您看的是哪个华夏福吗？嗯常青树吧你们是不是也不是说处？常青树那最近的话他是常青树全能保他是一百种重大疾病和五十种轻症，嗯三次手术这方面是。
产品介绍,因为就是不是第一次我不太了解？对那主险的话如果常青树呢就是目前我们现在比较热销的就这个保的比较全的一百种重大疾病和五十种轻症他是保障终身的然后是到被保险人八十周岁的时候他会把已交的保费全部返还？然后保单继续有效它一直保到被保险人终身的。提示给我接下。然后搭配的话那您就卡如果要搭配这个住院医疗您可以打个住院医疗。嗯。嗯或者我们这边可以帮您联系就是比较专业的业务员他可以跟您详细推荐一下做个计划书给您做一个，这个详细的讲解。
产品介绍,大概一次左右小孩有没有什么保险一些的孩子孩子这边他也有这个常青树系列它有专门针对孩子的一个常青树少儿吧！他保的是轻症是五十种然后重大疾病是一百种。然后有一个特定的二十五种重大疾病的。特定的这个疾病的嗯像这个套餐的话是多少钱你？少儿版是吗稍等我看一下？嗯孩子是嗯年龄是多少周岁？嗯。
产品介绍,小孩买不了那么高。哦那这这里面有多少！最高的话一般如果是他一累计身故保额的话不能超过二十万然后重疾的话最多是一般的话就是不能超过五十万吧大概就看一下。
产品介绍,守护神就意外险它分三个版本有一百的一百八的还有二百三十五的。保障的话如果是一百的话那他这个意外呃意外伤害保额就是十万意外医疗是一年不超过一万住院津贴一天一百。
产品介绍,宝宝的话就看您想要哪个行的我想要有收益的那肯定是这种年金返还类型的如果想给孩子一个孩子是比较小嘛才五岁然后我想给他从小购买一个重大疾病的？费率这个年龄越小费率越少嘛。越早购买重疾险有有事那您可以选择购买重疾险。
产品介绍,嗯好那就是现在就并不是您自己投保还是家里人投的保是吧！对嗯好那就说您现在是有没有业务员给您介绍过对吗？如果购买重疾险的话只给孩子孩子的话现在我们如果保障比较全面一些的像常青树系列的。保障内容都会比较全面一些孩子的话目前有推出这种专门为孩子购买的。像福利常青树少儿版针对于孩子的。
产品介绍,呃确定没有业务员给您介绍过那我就直接给您讲解了女士，嗯呃常青树少儿的话这款险种零岁出院且出生二十八天一直到十七周岁可以选择投保。保障期间是保到被保险人至终身。保单分为三年五年十年交承保期间的话保障的是五十种。轻症，一百种重症二十五种特定疾病包括身故全残疾病中末期它的涵盖率是非常高的。而且有轻症豁免保费的功能。这就是一个重疾险保障重大疾病的或者身故全残这种。
产品介绍,嗯，您说。跟那个参加还是有不一样的像公司在在售卖的话就是轻症赔付以三次为限按照保额的百分之三十赔付。重症的话。嗯
产品介绍,他们就是如果是条件是常青树全能保的话保的是一百种重疾和十种轻症有身故和全残疾病中末期，吴丹责任保障终生的。同时轻症赔付三次为限按照保额的百分之二十五赔付，同时有一个被保险人轻症豁免保费有空呢？还要在被保险年满八十周岁之后按照已交的保费返回一笔祝寿金把票据有效保障终生的健康保证产品。您好。
产品介绍,他我现在就是不单独卖但是如果您要搭配的主险当中能够搭配的主险现在还没有对于主险有保费要求至少现在没有但是当地分公司根据他的实际上处理由可能去调整那就要问一下分公司这边。
产品介绍,对就是一个身故全残的保险保障其他的。
产品介绍,一百种重疾五十种轻症针对特定重疾的话他是有二十五种是特定的这个疾病，然后还有保身故和全残疾病中末期如果客户有这个轻症发生会豁免保费就不用交保费了就所有的保险责任。
产品介绍,嗯保的是一百种重疾我十种轻症。有身故和全残这边周末清吴丹责任保障终生的。然后轻症的话是赔付三次了一下按照保额的百分之二十五千赔付，同时有一个被保险人轻症豁免的功能。他是在被保险年满八十周岁的时候按照已交保费返还一笔祝寿金保障继续有效保证终身的。
产品介绍,对目前卖的话比较好的好多重疾险啊就比如说。像新上市的这个华夏那常青树多背板上的右下。都保的是比较全面的还有好常青树的全能版以来种重疾和十种轻症疾病中末期身故全残这些也是比较全面如果您要想投的话我这边帮您预约晚上咱们公司安排这个业务员联系您可以吗？
产品介绍,保障重症轻症和重症死亡全残和身故呃那个别的没什么了？重疾最多可以赔五次。
产品介绍,对这个这个其实就是您买多少保额他就会有对应的一个保费因为根据被保险人年龄不同您选择的保额不同交费年期不同他的保费肯定也是不同的保额越高保费越高保额月的？
产品介绍,赔嘛。如果是说被保人没有后面的话在年满八十周岁后首个保单周年日零时生存它会有个祝寿金返还按照已交保费来给付祝寿金给付之后保单仍然是继续有效的保障到被保人终身的。
产品介绍,他要赔的是吧对只要是保单生效之后？被保人身故是满十八周岁因意外伤害或是等待期之后因意外伤害意外的原因导致被保人身故了就是赔保额已交保费和现金价值三个渠道来赔付合同终止。
产品介绍,什么区丫？这个主险叫常青树重大疾病呃常青树两全保险全能版主险保障身故全残祝寿金返还附加险叫附加常青树重大疾病保险全能版保障我十种轻症一百种重疾疾病中末期轻症疾病豁免保费就是查就是才能把它全部责任。
产品介绍,具体的，对，他是险种是保到被保险人身故的如果说之前没有话能够重大疾病的话就是按照八十周岁不是会给您把这祝寿金嘛。那合同继续有效那如果是被保险人在身故了我们也会按照保额已交保费现金价值这三个哪个大在赔付一次的？话哦！
产品介绍,呃目前我们公司确实有华夏福一共售两款一个是华夏是两全保险附加华夏福重大疾病保险还有一个华夏福做对保您的重大疾病保险。嗯如果是您想要投保的话我们这边可以帮您登记反馈让公司跟您联系请问您贵姓怎么称呼您呢？
产品介绍,他不管是疾病还是住院他是报住院费用的。住院费用。啊您说重疾什么重疾的话您买个重疾险就可以了他必须要搭配一个足险了一起销售的医保通他不能单独买！
产品介绍,具体问题宝通的话它就是有社保或者是公费医疗报销的那咱们社保先报报完以后他减去一万的免赔额。然后剩余的部分我们是百分之百进行赔付的。嗯嗯嗯然后如果没有社保或者工费医疗的那么是减去两万的免赔额。剩余部分我们是百分之六十进行赔付。
产品介绍,一般是可以什么产品呢就是如果您要买重疾的话您可以买一个常青树的这个保险常青树他是保重疾的？有重疾的话它是提前给付的就符合合同所定义的重大疾病那么他保额来赔付然后后期的话就医疗费用用这个医保通来报超过免赔额的就可以申请理赔。
产品介绍,呃他是一百种重疾分abcde五座。嗯这个重大疾病保险金累计给付一五次为限然后给付达到五次之后合同就终止了。
产品介绍,不同的重疾是不是嗯对？他如果是说被保人首次患了重大疾病符合理赔条件他是按照保额已交保费现金价值三项九大正在给付首首次重大疾病保险金给付之后。该重大疾病所属阻别的这个保险责任以及轻症重症身故全残疾病中末期的保险金呃。保险责任均终止。呃自这个首次重大疾病确诊日期现金价之就降低为零我们是继续承担其他组别重大疾病保险金的。
产品介绍,嗯我这个好复杂呀！嗯就是简单一点来讲不是分abcde五组吗？嗯那假如说。对吧换了一族里边的重大疾病那赔完之后。那这个。轻症重症身故全残疾病中末期的保险责任。就都终止了。然后现金价值降低为零我们继续承担的是bcde，其他四组里边重大疾病保险金的保险责任。
产品介绍,他是八十二种重疾四十二种轻症同事涵盖了身故全残疾病中和次期还有一个就是这个身故。这份保险的同时还涵盖了一个轻症疾病豁免保费。
产品介绍,他是这样他分种轻症中中合众种它分三个级别。轻症还是患了三十五种轻症然后重症的话它是涵盖了二十种重症然后重症重大疾病的他是涵盖了。看一下，是，涵盖了一百种重疾。
产品介绍,它重大疾病是分组别的然后是最多是赔付五次每组级别赔付每个组别赔付了以后该组别的这个重症的这个就就说，赔付就终止了然后就还剩下剩下主要赔付。然后轻症的话是最多是。
产品介绍,像目前在卖的返还年金的话有福临门新的产品有一项福利吗如意宝呀吉祥把自己的上面都是比较不错的？像工商上面的齐相伴呢哈呃他会在保单从第五个保单周年日会按照您保额返还一次年金一直都有返还返还至被保险人终生同时在被保险人年满八十周岁的时候会返还一笔祝寿金保单仍然有效？
产品介绍,是主要保疾病的一款产品保轻症中中中中中中可以多次赔付最多赔付六次的一款产品还有身故保险金权产保险金和疾病中末期保险金和轻症重症重大疾病豁免保险费的责任。这个没有返还的。
产品介绍,他这一款的话是那个，轻症即便有三十五种可以给付三千。重症的话有二十种可以起付两次。重大疾病。
产品介绍,华夏福华在国内是那个他那个是华夏福两全价格重大疾病保险它那个的话重疾。
产品介绍,性价比比较高一些的是吧我们这边给您看了一下目前就是有一款常青树多背板重大疾病保险这款的话是属于？包含有轻症中这种重大疾病的而且重大疾病的话他是属于犹村六组进行赔付的这种带有身故保险兼全残保险金和疾病中末期。嗯
产品介绍,您稍等我看一下。嗯目前我查了一下是有一个常青树重大疾病二零一五版的保险。这款保险的话是属于，我给您看一下。嗯重大疾病二零一五是包含有，十五种轻症然后重大疾病呢是属于六十一种重大疾病的？对，另外呢还有一份是？常青树重大疾病二零一六版的就是三十三种轻症七十七种重疾有保身故全残疾病中末期轻症豁免保费。
产品介绍,好的我清楚了我现在帮您看了一下我刚才说的这种，方式三种，轻症七十七种重疾的他是我们常青树重大疾病保险二零一六版的然后呢他这个是？一款保障全都涵盖有身故全残包含有七十种重疾三十三种轻症的责任引起的终身健康保障产品。
产品介绍,就常青树全能版，嗯，保障是一百种重疾五十种轻症。
产品介绍,那这个都包括人。比如说这个疾病身故保险金意外身故保险金然后就是，意外身故意外残疾。或者是这个保证了有这个驾车意外全残或者驾车意外身故。或者说指定交通工具或者说航空意外。
产品介绍,一个两千或者是。多少？话费这个住院费用补偿二零一二零一四年因意外伤害导致的去医院住院呢？他也能保但是呢如果是门诊他就保不了了意外门诊报不了这些住院只有产生了住院的费用不管是因意外伤害资深的这个疾病去医院住院的？好多客户是可以的保险责任范围内是可以报销的如果说像这个被狗咬了对吧！去门诊打个狂犬疫苗这他这个就报不了，只有那个手指弄吧！如果守护神一年一百。然后这个跟您说的这个常青树二零一五。这个保险金额十万它是八百八百二十七就是九百二十七再加上这个住院费用补偿医疗二零四他现在被保险年龄是四十四岁是吧！嗯。那您看一下。如果是五千的话保险金额是七百三。一万的话保一万的保险金额是八百五一万五的话是八百九两万的话是九百二。九百二十七最多如果是加两万的话也是九百二然后是一千一千吧！一千八百四十七。如果这个住院费用补偿医疗二零一四的这个保险金额如果是比如说是一万的话那个。您比如说常青树二零一五他的保险金额是八百二十七吧住院费那个住院费用补偿医疗二零一四它的这个保险金额呢是一万他每年就要八百五但是这个它随着年龄增长费率也会登的？然后这个守护神一年一百。一千七百七十七。嗯。嗯但是这个呢首先是的联系业务员搭配成功了购买成功了才可以如果购买不通过当地机构有搭配的这个特殊要求的话那就得话险种了？那就是五十一年一百是可以肯定没有问题的因为它这是一款的这个公司呢是我们售卖的一款意外险？嗯，行行我知道啦。
产品介绍,呃用呃华夏福多对比的话他那个重大疾病是。只能赔付五次然后呃常青树多对保呢是可以赔付六次？
产品介绍,那目前的话公司在店通过电销取到再有销售常青树二零一五他是保了六十种重疾九种轻症身故全残疾病中末期这些保险责任，它不是。
产品介绍,是的。现在这这几种都是适合这个孩子年龄阶段都是可以进行投保的？这边跟您简单讲解一下都被反的话就是重大疾病赔付最多赔付六次。然后少儿版的话就是特定的孩子容易患的寄送二十五种疾病如果发生了最多是按照这个。两倍的基本保险金额来进行这个理赔。全能版的话就是巴是被保险人到八十周岁的时候有一个祝寿金的返还。二零一五这个版本就是适合比较年龄比较大的一些客户这个投保的年龄限制是比较高的。
产品介绍,守护神就意外险它分三个版本有一百的一百八的还有二百三十五的。保障的话如果是一百的话那他这个意外呃意外伤害保额就是十万意外医疗是一年不超过一万住院津贴一天一百。
产品介绍,嗯目前有一个常青树多被保险是刚刚出来的还是非常不错的一共是可以保障一百种中。一百种重疾五二十种重症和三十五种轻症重大疾病分别是可以保证abcdef六组。没组最多可以各赔一次。然后发生什么重大疾病其他的责任保险责任都终止的然后重大疾病还保障的这么一个保险还是非常不错的？
产品介绍,一百种重疾五十种轻症针对特定重疾的话他是有二十五种是特定的这个疾病，然后还有保身故和全残疾病中末期如果客户有这个轻症发生会豁免保费就不用交保费了就所有的保险责任。
产品介绍,常青树多最晚的话它是给客户提供有一百种重疾三十五种轻症跟二十种重症。然后重疾的话可以多次赔付最多可以赔付六次。但是他这个没有金额返还。
产品介绍,不包含中专的是华夏福两全保险有助寿金的返还在八十八周岁被保险八十八周岁后首个保单周年日返还。他保的是四十二种轻症八十二十种重疾重疾然后这边到了被保险人八十八周岁的时候会返还祝寿金。
产品介绍,那像华夏福两全保险附加华夏福重大疾病保险保八十二种重疾四十二种轻疾的这一款的话。他是有祝寿金返还的到被保险人八十八周岁返还这个祝寿金项重疾的话他就是只赔付一次的赔完之后合同就终止。
产品介绍,就是他是有轻症的把这保险责任中证还有重大疾病是三到五个左可以赔五次然后还有身故和全残的保障就疾病中末期的保障，这个轻症疾病或者重症指点还有重大疾病保险豁免保险费的责任。
产品介绍,主要的就是主要的区别其实也就是在于这个常青树这个华夏福多背板的话他的重疾可以赔五次。然后但是他没有已交保费返还华夏福两全的话他到了被保险人八十八周岁他是由已交保费返还的。嘛
产品介绍,嗯这款产品的话祝寿金是在被保险人年满八十八周岁返还不是八十。然后呢提醒您嗯提醒您一下他这款产品的话比如说是被保险人八十八周岁后的首个保单周年日仍生存保单正常有效的话？那我们是在该保单周年日按照所交保险费来给付祝寿金给付完祝寿金以后其他保险责任不变还是可以正常赔付的话。
产品介绍,是每一年吗还是是吗？您稍等。嗯这个就是客户在投保的时候他可以自己选择这个缴费年期可以选择年缴五年交十年交十五年交或者二十五年交保障期限的话也可以自己选择选择十五年交二十年交三十年。
产品介绍,医疗附加险。重疾险目前有一块在售的是常青树多背板重大疾病保险是非常不错的一共是保障一百种重疾。三十五种轻症和二十种重症重大疾病是分为abcdef六组没组最多可以各赔一次。患过重大疾病之后其他的保险责任就都没有了可以保障的是其他五组的这种重大疾病还是非常不错的这一款。
产品介绍,嗯那个就是华夏福两全保险附带华夏福重大疾病保险。它上边是不是写的是四十二种轻疾八十二种重疾啊！
产品介绍,嗯那就是这个产品他的投保年龄是零周岁出生前出院满二十八天到五十五周岁包含五十五周岁。
产品介绍,这个四零零年金保险智慧版它是有挂您返还有年金还有身故的保障全残的保障投保人意外身故豁免保费或者是投保人意外全残。
产品介绍,关爱年金的话就是说他从被保险人满六十周岁之后的第一个保单周年日起一直到被保险人满七十七十四周岁的第一个保单周年日起只要他在这期间的任一保单周年日零时仍生存我们会在这个保单周年日的时候啊他全部已交保费的就是按照总保费的百分之六来返还一次关爱金。然后就是说他在七十五周岁之后第一个保单周年日零时用生存每年的话是按每个保单周年日是按总保费百分之十来返还这个关爱金，然后这个年金的话他是从第五个保单周年日起每一个保单周年日被保险人扔生存。就是按照保额的百分之三十来返还年金，就是像这种年金返还的就是。
产品介绍,零四为什么就是全部返还嘛？祝寿金的意思就是若被保险人在年满八十八周岁的第一个保单周年日零时仍生存我们会将我们会在这个保单周年日按照合同所交纳的保费！
产品介绍,对这个只要是住院没有他是必须符合合同所列的轻症重疾身故全残疾病中的柒。这些才会在保障范围之内其他的都不在。你的意思是不是？
产品介绍,您今年才买的这款产品它正常持有期间他是满三年后按照账户价值抱歉按照合同对应的保险金额给付满期金的没有结算利率这样子的因为它是一款分红型产品正常车这边是有红利产生的满三年就按照保额对应的金额来进行给付满期金的再加上红利的一个金额。
产品介绍,人寿保险华夏人寿主要就是一个固定收益类的年金保险一般就是持有五年之后。
产品介绍,祝寿金就是您的所交保费是八十八周岁的时候投保的一共交了多少保费就把那个所交的保费返还给被保险人作为祝寿金！
产品介绍,是这样子的嘛。不是呀！他是这样的女士保到七十七种这种结算三种轻症如果得了合同上所类的轻症是可以豁免以后各期保险费轻症是按照保额的百分之二十来进行赔付的，那如果对如果得了合同上所列的重疾那排是按照保额赔付二十万。
产品介绍,啊这个有返本的嘛你没有返还保险期间是保终身一直保到被保险人身故！
产品介绍,孩子就是保障一个意外伤害首先它是有一个呃意外伤害保障的，保额是三十万另外的话就是还有一个意外伤害，医疗保险意外伤害医疗报销如果说被保险人因为意外伤害导致医疗费用可以进行报销另外的还有一个意外住院津贴如果说被保险人因为意外伤害导致的住院导致的住院那么说每年可以支付每天住院期间每天可以给付一百元的津贴。我。
产品介绍,他这个主要是有一个满期的保险金另外就是疾病导致的身故或者是全残意外导致的身故或者是全残这个是有保险金的，其他的就是住院的津贴和重症监护室的今天，就是之后它主要的其他是没有的。
询问是否接受预约,没有电话号码。哦我们这边没有电话号码但是您如果想购买的话我可以帮您预约女士让机构跟您联系！不行那你帮我预约了谢谢啊行不客气那需不需要帮您讲解还条款呢？
询问是否接受预约,如果是您投保人想投保的话我可以帮您反馈到时候公司业务员跟您联系给您看一下。
询问是否接受预约,可以那这边帮您反馈一下之后注意接听好吗？
询问是否接受预约,行联系您这个幺三零的手机号就可以是吧！
询问是否接受预约,女士您好您要想买的话可以微信关注华夏保险公众号，里面的话有一个这个来玩的明细您们和。有咱们公司业务员您可以跟这边联系或者我这边可以帮您联系到咱们公司联系您可以吗？
询问是否接受预约,行明白了然后打您的幺三零的手机号就可以是吧！
询问是否接受预约,行吧女士那我们这边帮您反馈您注意接听电话好吧。
询问是否接受预约,如果您要想买我们这边可以帮您预约让公司联系您。
询问是否接受预约,行吧那我这边帮您反馈呗让咱们公司联系您吧这个到时候能不能买您问他吧好吧。
询问是否接受预约,好行那您注意接听电话好吧！
询问是否接受预约,好联系您来电这个幺三三的手机号就可以是吧！
询问是否接受预约,好知道女士那您注意接听电话好吧！
询问是否接受预约,那就是第五个保单之后您按照您每年交一万交十年的话能返还的。特别关爱金是一万元然后从第六个保单周年日开始每年返还保额百分之二十这个保额是多少钱确实很抱歉先生我这边算不了我们会帮您预约工作人员给您试算的？
询问是否接受预约,好那我们后续联系您来电幺三三手机号码可以吗？
询问是否接受预约,嗯然后这个保额是多少需要业务员帮您试算的所以我帮您预约让工作人员给您试算一下？
询问是否接受预约,我现在已经帮您登记了工作人员大概工作人员会在三个工作日左右。
询问是否接受预约,对那您要确实什么时候联系呢我帮您备注一下时间？
询问是否接受预约,如果说您需要购买这边我们可以先公司帮您反馈给他们会安排业务人员跟您进行联系。
询问是否接受预约,喂小宝的韦，小姐好的，那这边我先公司帮您反馈一下他们会会跟您联系的好吧！
询问是否接受预约,女士您好那这样吧我们这边帮您反馈让咱们公司安排这个工作人员联系您给您做这个计划然后他那边给您做一个推荐到时候您买不买是自己的事现在加入他给您做一个推荐行吗？
询问是否接受预约,呃重疾加医疗。对嗯可以那您后续联系这个来电幺三五的手机吗？
询问是否接受预约,呃您是要求什么时间联系您方便？再帮您记录下来。
询问是否接受预约,河南郑州好那我这边就帮您联系当地的业务员他跟您联系吧！
询问是否接受预约,对那要不然我帮您预约让咱们公司安排。
询问是否接受预约,嗯那请问跟您联系联系您的来电幺三七的号码您看方便吗？
询问是否接受预约,如果您想搭配的话目前我们公司有款意保通。六月三十号是最后一天，路的在这之前也是可以投保的可以让业务员给您做个计划书您看一下。
询问是否接受预约,行我这边帮您预约。你给我预约一个。新华区的。
询问是否接受预约,就不帮您预约业务员之后业务员也可以给您看一下条款到时候您可以向他详细了解。嗯。
询问是否接受预约,我已经把您的信息登记反馈这个情况下他会联系您。那他联系吗啊对？拨打您幺三七的手机号码可以吗？
询问是否接受预约,就产品下次在销售嘛。对。那有没有你们专门那个保险但你能跟我一会我再联系一下我想咨询一下。好的那可以您是宁波的对吧！嗯打您这个幺三七的手机号就可以是吧对对好您贵姓啊女士？我姓庄您是给自己买还是想给孩子。
询问是否接受预约,因为就是不是第一次我不太了解？对那主险的话如果常青树呢就是目前我们现在比较热销的就这个保的比较全的一百种重大疾病和五十种轻症他是保障终身的然后是到被保险人八十周岁的时候他会把已交的保费全部返还？然后保单继续有效它一直保到被保险人终身的。提示给我接下。然后搭配的话那您就卡如果要搭配这个住院医疗您可以打个住院医疗。嗯。嗯或者我们这边可以帮您联系就是比较专业的业务员他可以跟您详细推荐一下做个计划书给您做一个，这个详细的讲解。
询问是否接受预约,嗯好那我这边帮您安排这边上海的业务员他跟您联系一下吧！
询问是否接受预约,交通是呃云南省昭通市好知道了女士那我们这边帮您反馈吧让咱们公司安排这个工作人员联系您好吧。
询问是否接受预约,好的好谢谢嗯不客气的电话就留您来电这个手机号码吗嗯可以嗯好那我帮您反馈一下您看还有？
询问是否接受预约,就想要用月缴的是吗那您看我这边是给您先介绍一下险种还是安排工作人员直接去联系您呢？是联系您啊也行您现在所在地点在哪里女士？真的。嗯好来电的这个手机号方便后续联系您呢？您贵姓，姓杜是吗？对你好嗯好的稍等一下。比如说。好的女士那我这边帮您反馈一下安排工作人员跟您具体的联系现在的话是有一个三岁的男宝宝来进行投保对吗？
询问是否接受预约,谢谢好的没关系的直接联系来电手机他就可以了对吧！
询问是否接受预约,好的那我帮您反馈安排公司给您联系直接。
询问是否接受预约,五十三周岁是吧！对那您看这样我帮您登记反馈一下安排工作人员去联系您可以吗？啊行嗯行您稍等一下先生我帮您登记一下您所在的地点在哪里！
询问是否接受预约,上海好那我这边帮您安排业务员他跟您联系吧电话就留您来电的这个手机号码吗？
询问是否接受预约,怎么称呼您呢？嗯姓郝，郝女士什么直接联系您来电手机号码可以吗？行。
询问是否接受预约,可以那我就帮您记录稍后这边工作人员跟您联系吧然后跟您讲解一下协助您投保吧。
询问是否接受预约,嗯。好那我这边帮您预约保障咱们公司安排工作人员联系您可以吗？行。呃您是哪个省哪个市的呀先生？
询问是否接受预约,四十六就行吧那我们这边帮您反馈然后到时候让咱们工作人员给您推荐您注意接听电话好吧。
询问是否接受预约,嗯那我这边的话是直接帮您计算一下大概费率然后安排工作人员联系您还是直接安排工作人员联系您呢？
询问是否接受预约,那就二八然后。河南省郑州市联系您的幺五九的手机号就可以是吧！
询问是否接受预约,好的那我帮您反馈安排工作人员联系您最近的公司给您打电话。嗯。
询问是否接受预约,呃以现在的话是有一个两岁的南堡来进行投保对吧！哎行那我这边帮您登记反馈一下安排工作人员去联系您如果有的话您注意接听最快联系您的话大概是在下周了因为周六周天咱们不上班！
询问是否接受预约,详细稍后打您这幺六六的手机号就行是吧！
询问是否接受预约,投资一点就是多。行那我帮您登记反馈后续让公司跟您联系您注意接听电话好吧！好。嗯。
询问是否接受预约,对好的那我帮您再问题跟公司反馈安排公司给您联系请您注意接听公司给您打电话。
询问是否接受预约,男孩。哦那公司后续跟您联系的话联系您来电幺八零的号码行吗？可以好那我这边已经登记好了现在跟您确认一下。就说您通过朋友了解到华夏和年金保险这个产品只要先了解一下让工作人员给您看一下您是云南昆明市官渡区的客户。呃交给四次的然后投保这个险种联系方式是幺八零八七二六一九六九二对吗？哎！好那我这边已经登记好了您后续注意接听电话好吧！
询问是否接受预约,嗯先生您好重疾险很多啊就是基本上孩子们都可以零周岁就可以然后您要是想投我们这可以帮您预约按照咱们公司安排工作人员给您推荐可以吗？
询问是否接受预约,我我我那才能买的呃您要想买我这帮您预约保障咱们公司安排工作人员联系您可以吗？哎呀好您是哪个省的呀女士！嗯若呀河南的好的打您这个幺八幺的手机号就可以嘛是吧！嗯。
询问是否接受预约,中间没有问题吧！没有如果您要想买我们这就给您预约您也不用去后面会有人联系您到时候您直接跟他说就行。
询问是否接受预约,因为您之前购买的话是需要联系公司业务员的女士您看您在哪个地方我们这边像公司帮您反馈让他们安排业务员给您进行联系？
询问是否接受预约,好呃我们这边帮您反馈呗让咱们公司安排业务人员联系您您是孩子是男孩女孩今年几岁了呀！
询问是否接受预约,好联系您这幺八六的手机号就可以是吧！
询问是否接受预约,恩彭女士，嗯好的这边已经帮您记录了然后之后呢您保持电话畅通公司会有业务员跟您联系注意听电话？
询问是否接受预约,我回去好的。我这边信息登记完成了后续我们会有工作人员联系您您注意接听一下电话好吧嗯嗯嗯，好的请问您对本次服务满意吗？
询问是否接受预约,呃目前我们公司确实有华夏福一共售两款一个是华夏是两全保险附加华夏福重大疾病保险还有一个华夏福做对保您的重大疾病保险。嗯如果是您想要投保的话我们这边可以帮您登记反馈让公司跟您联系请问您贵姓怎么称呼您呢？
询问是否接受预约,天津的津嗯可以那就联系天津这边业务员他跟您联系吧！
询问是否接受预约,有啊如果您要是想投我们这边可以帮您预约然后咱们公司安排工作人员联系您投吧可以吗？哦好！嗯您是哪个省哪个呃您是广东省哪个城市的通通畅？好的您这幺八六的手机号就可以是吧！对您是给自己投还是给家人投呀！
询问是否接受预约,正将正的正乡镇的镇是吧嗯？好跟您联系的话就联系您来电这个号码是吗？嗯可以。嗯好。
询问是否接受预约,嗯那我这边给您反馈到公司后期相关工作人员会给您联系到您进行电话。
询问是否接受预约,啊我这边也可以帮您登记反馈一下然后安排我们公司的工作人员去跟您取得一下联系给您介绍一下这种类型的险种可以吗咱们正规险搭配的像那种住院医疗好吧！
询问是否接受预约,嗯行那我这边帮您登记一下然后后期安排工作人员去跟您取得联系好吧！
询问是否接受预约,好的那我帮您反馈一下安排业务人员跟您联系。您稍等一下。
询问是否接受预约,需要帮您预约业务人员吗？
询问是否接受预约,那您这个这边可以给您做登记您看您是哪个省哪个市的给您做登记让相关工作人员尽快给您核实？
询问是否接受预约,那您这个的话这边给您做登记的您之后的话注意接他手机就可以了就相关工作人员去跟您联系的。
询问是否接受预约,嗯您可以到当地公司柜面咨询我这边也可以给您是月当地的当地的那个个险的业务员业务员可以给您先电话沟通给您把这个做一下电话呀做一个介绍什么的？如果您觉得合适的话可以跟。
询问是否接受预约,先生那这个产品的话如果您让我给您再推荐产品我这边不是很专业如果您想了解公司的产品然后公司的分红险然后看看哪个产品适合您我这边包邮咱们销售人员跟您联系？
询问是否接受预约,那行那我们这边可以帮您预约一个工作人员给您具体介绍一下了好吗？啊！
询问是否接受预约,我们这边现在就是说帮您帮您申请一下预约一下这个会有工作人员给您联系的被保险人年龄大概多少钱呢？
询问是否接受预约,行那我们这边帮您预约一下让工作人员给您联系给您具体介绍一下好吗？
询问是否接受预约,女士那您如果说想要详细了解或者说是想要办理的话您可以在我们微信公众号查找一下我们中华夏常青树二零一六版。然后呢您到时候可以阅读一下我们工作人员您看现在需要我给您预约还是说您可以先了解一下？
询问是否接受预约,工作人员尽快联系您好吧！
询问是否接受预约,如果您要是想购买我可以先帮您做一下登记让业务员与您进行联系协助您完成购买。
询问是否接受预约,好的。好的女士那这边会把您的要求给向公司反馈的会有业务员与您联系还有其他的疑问或要求嘛。
询问是否接受预约,西安市房间哪个新城区新城区新城区帮您看一下稍等？联系电话就是来电的这个号码对对。好的后期保持电话畅通我公司这个专线咨询业务人员的两个工作日左右会有处理人员跟您回电的。好吗如果后续的话呢那您在电话里面跟您沟通面谈或者是打电话微信聊都可以然后如果不合适的话那您可以和业务员在做一个？
询问是否接受预约,哦我们这边可以向公司给您反馈让公司给您安排一个业务员到时候跟您联系您看可以吗！
询问是否接受预约,抱歉月交的话我们是算不了这个费率的如果您想要购买的话可以帮您申请预约让业务员联系您。
询问是否接受预约,长胜数的话官网上显示呢是没有那么多的如果您是需要其他版本的话这边可以帮您预约一下业务人员来跟您进行一下这个计划书的做？就是说给您做一下计划书，目前在售的有常青树少儿版。常青树多对吧还有二零一五还有全能版。
询问是否接受预约,嗯这个的话是需要给您预约一个业务人员来给您做一下详细的计划书可以吗？
询问是否接受预约,你说。好的这边的话就帮您预约一下给您就是说做一下这个常青树全能版的这个计划然后您如果要再次需要其他的您在跟客户人就是说工作人员在联系可以吗？可以。好的这边的话就帮您进行一下预约然后请您耐心等待一下工作人员会在一个工作日左右来跟您联系然后联系您来电这个号码可以吗？可以嗯现在就请您耐心等待一下您还有其他问题吗？
询问是否接受预约,咨询，因为先生这款保险它主要是在我们终结代理公司形式买的华夏福州对吧！您要是想就是说想要购买什么的话我可以先帮您做一下登记看一下您当地联系俊杰公司到时候寄到那边的业务员和您联系？
询问是否接受预约,如果您想购买的话我们这边可以帮您登记反馈让当地公司工作人员跟您做讲解因为我们这边只有柜面的总机号。
询问是否接受预约,二十九号昂。女性是吗？对好的那我帮您反馈让工作人员跟您联系好吗？嗯好，谢谢取出一个做的时间长一点，嗯好的。嗯还有其他问题吗？没有了谢谢。
询问是否接受预约,上海浦东，好的稍等一下，那这边的话我帮您反馈到我公司业务员这边来跟您做咨询量解。
询问是否接受预约,嗯这个险种如果您全额投保的具体费率是要根据您所投保的保额来退的一个缴费如果您这边想了解一下的话我可以帮您反馈一下给到您当地有没有其他业务员联系您跟您详细介绍一下吧！
询问是否接受预约,在稍等我看一下啊我这边帮您反馈一下让这边工作人员。
询问是否接受预约,先生。嗯嗯那这边我已经帮您去登记申请了后续咱们分公司会安排人员给您去联系。
询问是否接受预约,啊好明白！那我这边的话帮您就是约下我们公司这个业务经理然后跟您联系一下好吧！好的。
询问是否接受预约,丝我们没有联系我们没有业务员的联系方式如果您想购买这款产品的话可以帮您预约然后让工作人员联系您您看可以吗？
询问是否接受预约,如果说您想投保的话我这边可以帮您这个预约的业务人员您之前有了解过吗？呃我。
询问是否接受预约,那这样我帮您预约一个业务人员吧那您就是说想购买一个这个健康保健康就保重疾的这个险种是吗？嗯。
询问是否接受预约,这边嗯，如果有业务员在的话可以给您介绍或者说您如果说想了解重疾险的话我可以帮您登记反馈一下让业务人员来跟您联系也可以。
询问是否接受预约,好我已经帮您登记完成了后期会有工作人员跟您联系。您注意接听一下公司这边的电话好吗？
询问是否接受预约,好的那咱们这边帮您帮您约下会有工作人员给您联系的。
询问是否接受预约,上海好那我这边帮您安排业务员他跟您联系吧电话就留您来电的这个手机号码吗？
询问是否接受预约,好的我现在把您的资料给您提交然后让咱们的分公司尽量在今天尽快给您回电您看可以吗？
询问是否接受预约,健康险那您是看想要购买哪一款产品有常青树还有华夏福的您看您想要咨询什么样？如果您这边想要合适我这边可以给您做登记让相关的工作人员去跟您联系给您协助您完成购买可以吗？
询问是否接受预约,好可以了先生我这边是可以帮您反馈一下可以让您当地我们一下业务员联系您跟您介绍一下。呃那需要我这边先帮您计算一下您先仔细吗还是我直接帮您反馈一下？
询问是否接受预约,我姓薛草字头的去。行好的那咱们这边现在帮您申请一下帮您登记帮您预约才会有工作人员给您打电话给您。
询问是否接受预约,哪一个类型的这边可以帮您登记让业务员跟您联系？
询问是否接受预约,男的少。好的那这边的话已经帮您跟公司反馈了这两天的话您注意接听电话就行了。
询问是否接受预约,呃一般的话他会在一个一到两个工作日内就跟您联系了有可能今天就会跟您联系您就耐心再等待一下。
询问是否接受预约,那我这边帮您预约下我们公司的专业的那个业务人员之后让他们给您联系一下为您做介绍。可以登记一下您的信息吗？哦好！嗯您是在哪个省的？
询问是否接受预约,预约一位业务员让他和您联系吧！
询问是否接受预约,您可以，和月月一下工作人员让工作人员给您计算一下。您如果说在网站上看到的在华夏就是这个。电视上看到电视上看到的。然后可以把这个电视的一个服务电话里面有工作人员验一下。
询问是否接受预约,怎么购买呢？嗯您如果想要买的话我们这边可以给您约有员。
询问是否接受预约,好的是给您自己买还是给家人买嘛。家人的钱。好的那我帮您反馈一下安排公司给您联系。
询问是否接受预约,嗯好的已经给您登记后续会有公司联系的请您做这份工作给您打电话。
询问是否接受预约,嗯那您在哪个省哪个市呢我帮您预约下这边业务员让他联系您？
询问是否接受预约,女士不好意思我们这边华夏保险呢在山西当地呢还没有分公司柜面？但是您如果说是要办理保单的话一般是在网上呢可以预约当地的这个工作人员？但是处理问题的分公司。
询问是否接受预约,那这个是需要我帮您反馈反馈到分公司让分公司团险部的工作人员给您详细介绍。
询问是否接受预约,比买回来。嗯这个通过咱们这边是买不了的或者我可以向公司反馈让工作人员与您。
询问是否接受预约,请问您这份保险的话他是呃可以选择三年交或者五年交那如果您需要了解的话这边可以帮您登记到时候会有相关工作人员来帮您做一份建议书单好吗我？
询问是否接受预约,行那这边的话就帮您登记好了到时候的话我们会有相关工作人员会进行联系您的您到时候可以直接有工作人员来帮您做一份建议书的好吧！
询问是否接受预约,呃我这边也可以帮您登记反馈一下然后安排我们公司的工作人员去跟您取得一下联系给您介绍一下这种类型的险种可以吗像这种保险搭配的像那种住院医疗好吧！
询问是否接受预约,嗯行那我这边帮您登记一下然后后期安排工作人员去跟您取得联系好吧！
询问是否接受预约,没有购买我想多啊如果您想要购买的话可以跟帮您预约然后让业务员。
询问是否接受预约,因为这款产品我们这里是没有这个保费建议书的如果您想了解的话我可以帮您下哥这个预约投保的工单稍后让业务员去跟您联系的。
询问是否接受预约,只能给自己购买。嗯这个不太清楚但是稍后业务员跟您联系的时候建议您像业务员再详细咨询一下的，嗯好的行，嗯那联系电话登记哪个呢？
询问是否接受预约,嗯是有的女士如果您需要的话这边可以帮您反馈之后后续呢让工作人员直接跟您联系您到时候可以看一下？
询问是否接受预约,附加险这样子，重疾险目前来讲这个常青树多倍的还是非常不错的附加险您是想买对常青树多对吧您如果说需要的话我可以帮您登记预约一个业务员来给您讲解。
询问是否接受预约,购买的话我可以让这边业务员跟您联系。
询问是否接受预约,好的感谢等待这边看到了那这样吧我们帮您做一下反馈让这个理赔服务专员直接和您联系您留下联系方式。呃。
询问是否接受预约,好那我们这边能帮您向公司反馈一下让理赔服务专员主动和您做一下联系。
询问是否接受预约,那或者的话女士我可以把理赔部电话给您您询问一下理赔不属不属于理赔范围好吗？
询问是否接受预约,呃有这两个电话。您如果需要的话我可以把这个电话以短信方式发到您手机上。
询问是否接受预约,好的那这个理赔部电话跟您说一下您现在方便做一下登记吗？
询问是否接受预约,您稍后的话就需要您可以理赔人员联系一下嘛。对
询问是否接受预约,好已经帮您登记完成后续会有工作人员变更您还有其他问题吗？
询问是否接受预约,稍等啊！您好先生，嗯跟您确认一下信息您是投保人本人来电是有一份保单需要办理退保。退保的合同编号是二零幺八幺四幺八七零六九八零八八。退保险种名称是，那个华夏逍遥行两全保险退保金额是小月一万元的。您的身份证有效期是到二零三八年的六月二十六号。对对对。好的这边已经帮您提交申请了大概三个工作日左右会有电话工作人员联系您处理退保业务的所以麻烦您之后点。
询问是否接受预约,您注意接听电话这个这几天会有人联系您呢？
询问是否接受预约,嗯这几天注意接听电话会有人联系您呢？
询问是否接受预约,复效的话我跟您做个资料的申请登记工作人员后续会联系您的那请您这边保持电话通畅那就可以。要怎么？我跟您做一个复效登记工作人员后续会联系你的那需要您保持电话畅通就行。
询问是否接受预约,二零三七年三月十六号对吗对对对好的？嗯那这样已经帮您登记申请了后续会有工作人员跟您联系处理的。
询问是否接受预约,这边核实不到先生这边需要您等待一下然后会有专门的工作人员来跟您联系告知您这个需要您缴纳的这个金额。可以吗？
询问是否接受预约,嗯那就请您耐心等待一下工作人员会尽快跟您联系呢？
询问是否接受预约,我这里呢再重新把您之前问题的帮您做个记录反馈让公司尽快受理一下行吗？
询问是否接受预约,好那这边的话。跟您申请之后的话公司的话会在三到五个工作日内有公司的人员跟您联系您办理退保然后注意接听电话。
询问是否接受预约,金额也是九九对吗跟您对？好那这边我给您申请这边信息都给您记录好两份保单里面的金额都是九千九百块钱然后身份证有效期是二零三五年的五月二十二号对吗？嗯是的好那信息我帮您记录好稍后会有当地公司工作人员给您做核实处理那您后续注意一下。
询问是否接受预约,嗯好的这边那个已经帮您那个提交一下先提交那个退保申请了三个工作日左右的话会有电话工作人员联系您帮您处理的那您之后保持电话畅通。
询问是否接受预约,您好女士我这边可以帮您申请一下复效然后这边的话会有人联系您。
询问是否接受预约,嗯对对嗯这边先生已经给您登记完成了然后后期的话应该会有这个工作人员联系您的请您注意接听电话好吗？嗯嗯好哎那您看还有其他需要帮助的吗先生？嗯没有了嗯。
询问是否接受预约,这个他需要跟你平安沟通他的资料如何去递交需要哪些材料的理赔人员电话他这里边去沟通就可以了？嗯。
是否劝阻,嗯退保的话我们这边给您办理不了的先生。所以这边的话。
是否劝阻,罗秋季啊嗯好的女士我这边看到您是新投保的常青树全能版。这个重大疾病还有医保通费用补偿医疗保险咱们这边的话您可以先签收回执联系您的业务人员他这边给您发送犹豫期退保的链接您可以在微信。
是否劝阻,是吗那这边看您这个保单的话现在是在犹豫期外的如果说您现在要退保他是按照现金价值退的？之前会有损失。
是否劝阻,四嗯。零二零六嗯。二九一八，好那请问先生您叫什么名字呢？都插好感谢配合是这样的帮您看到您这份保单是一七年购买的，您是说如果现在退保的话目前只能退的现金价值是两千二百六十元具体当地公司办理为准的，那您看您这边的话是已经考虑好确实要退保了吗？
是否劝阻,多少期了呃因为您的话总共是交的保费呃也是比较多的现在的话是总共交了八千八百二十九元先生如果现在退保的话这个钱是还是很大的建议您这边可以稍后再考虑一下的？
是否劝阻,两千多了通吗对因为您这的话他是保终身的如果中途退保是属于您单方面这边的违约损失按照现金价值来退还的？
是否劝阻,可以怎么着的吧那建议您这边可以再考虑一下的先生您这份保单被保险人如果在八十八周岁还生存的话我们公司就会全额返还这个保费的？
是否劝阻,十九万吗嗯？我这边的话也是在系统上帮您查询到这边退保的话只能退两千多所以建议您的话稍后可以再考虑一下的先生。
是否劝阻,嘛就像打说吧！那建议您这边的话稍后可以再考虑一下的先生。我知道了。
是否劝阻,呃您这保单如果您现在退只能退到一万多块钱一万四千多。确定要退吗？
是否劝阻,是损失只能退到一万四千多。
是否劝阻,您中途这个中途退保是属于单方面违约的损失是非常的。
是否劝阻,记得。嗯对那您的退保的损失太大了。
是否劝阻,到期了。就是交三年然后再交一次就可以了然后满五年取领取就是再持有两年。到二零一七年的七月二十一号就快领了。好的礼拜一联。好我知道了谢谢没事那还有其他问题吗？嗯没有了。
是否劝阻,可以退但是损失可能比较大我帮您看一下您稍等。
是否劝阻,慎重考虑一下好吧！
是否劝阻,嗯对这个中途退损失会很大。
是否劝阻,但是这边跟他要退保的话只能。因为现在已经过了犹豫期了您要退的话只能退对保单现金价值。我查询到是当全新价值是四百二也就说您要退的话现在只能退四百多是损失非常大的。而且我看到您这个购买的是一个。常青树。
是否劝阻,八十岁了。呃就是有点长诶这样的我这边看到您我相信您购买这个保单的话主要肯定是为了一个给您提供一个保障。您这个的话是每年只需要到三千多块钱。他这个。还有。
是否劝阻,我交了五千多块钱的呀！嗯对他这个主险的话。是这样您现在如果要退的话确实只能退给您四百多是非常不划算的您要不再考虑一下吧！
是否劝阻,十月十二号。对他往后延是有十天的犹豫期您这边目前已经是过了这个犹豫期了然后中途退保的话退还给您的是现金价值。那对您损失还是比较大的建议您再考虑一下。
是否劝阻,您可以不追加然后这边的话它中途退保退还给您的是现金价值。那对呀他还是这样一个。
是否劝阻,就是说建议您还是把这两万块钱交上然后再持有三年就可以了因为您是在中途退的话就损失挺大的。
是否劝阻,但是您现在退的话损失挺大的因为这个持有满五年之后办理退保才有收益您现在退的话他都是损失挺大的这边看到截止到今天为止退保的话才退还您七千七百六十块钱。
是否劝阻,嗯还是建议您考虑一下因为损失比较大的女士。
是否劝阻,请问还有其他帮您正式约一份常青树重大疾病保险二零一六，是在二零一六年的六月二十八号保单生效的。交保费四千一百九十六，交费交二十年保险期间是保的郑先生如果您现在退保的话对您来说损失挺大的对吧！
是否劝阻,对对对对那您这个他是保的有三十三种轻症七十类重疾如果就中途这轻症重疾都没有出现过那它是保至被保险人就是身故身故的时候也是有一个身故保险金赔付的如果被保人已满十八周岁已过了它这个。保单复效起就生效疾病有个九十天的疾病等待期嘛过了等待期之后他是按这个保额赔付的保额就是您这。
是否劝阻,十五号那个。对是的但是七月份哎就说如果您现在赎回的话可以百分之三手续费是会有损失的。
是否劝阻,对所有的意外是退还四千多块钱四千零七十九对您来说损失大概损失小四千块钱。所以就是说这边损失还是比较大的建议您还是继续持有一下比较好。
是否劝阻,那您这个保单想退的话可以但是您是已经过了犹豫期了退保是会有损失的我帮您查询一下能退多少钱您稍等？
是否劝阻,收到了吗？是的所以的话您现在是属于中途退保只能退还现金价值对您有损失。
是否劝阻,嗯。行那我不可以怎么样？目前的话您这个是属于中途退保只是退还您这个金额的您可以看一下我们的保险合同保险合同里面有个现金价值表的您可以看一下您的保单交费交费期满了多少中原之后咱进行退保就是对您没有任何损失您可以进行操作操作看一下的？
是否劝阻,保险现在还在犹豫期是吧！您您目前三份保单都已经过了犹豫期了先生。现在您要进行退保的话都是属于中途退保。
是否劝阻,都退保的话也就是说损失比较大是吧！
是否劝阻,这边就不能取。对这个确实是不能进行领取如果领取的话是属于中途退保只能退还您现金价值当时您的现金价值是多少就退换多少？
是否劝阻,全部都取出来也不行啊！对您这边目前确实是领取不了的因为您申请退保的话是属于中途。
是否劝阻,那肯定能退保了那祝您是有损失。或者是您可以看一下您的保险合同里面有个现金价值表您可以看一下您的保单把它给中间之后进行退保资金没有任何损失您可以看一下。那信息价值表，对有一个现金价值表您的保险合同里面有一个现金价值表的您可以进行参考一下。
是否劝阻,那您保单的话中途退保是按照现金价值退还给您的是有损失的。
是否劝阻,话他一般的。活那么大呀！那您这边还有其他问题吗先生或者是您可以看一下您的保险合同里面有个现金价值表您可以看一下您这份保单马上几周年之后可以就是把它给周年之后退保的这个金额就是高达您高达您交的这个保费然后您再次再次再次期间里面那个也是可以进行退保的？就是您可以看一下。您保单吗就？
是否劝阻,就每年六千多了所以他每年都会为年金返还所以是不建议先生您这边操作退保因为这款产品的话。
是否劝阻,是有损失的您了解吗女士是退现金价值会有损失？
是否劝阻,华县是吧！那肯定呀如果您退的话损失是很大的，不是的我也，已经交了三年了每年交一万五。
是否劝阻,感谢配合那您这份保单如果退保的话公司会按照您的现金价值退还给您会对您损失的呀！
是否劝阻,什么东西干嘛的我这边的话是建议您满三年之后再退对您现在退的话大概是要损失这个？嗯是有送是送。
是否劝阻,嗯退保的话是按照现金价值给您退您是有损失的。
是否劝阻,就退这事情对您这个保障型的产品在保单初期现金价值都是非常低的。退保有很大损失。
是否劝阻,被保险人是郝晓峰的是吧！稍等。那这边有查到这个保单是公司的长技术二零一五产品保的是六十一种重疾十五种轻症保障期限的话是到被保险人终身的。这个产品的话帮您看一下。女士您交费交了三次累计交了一万三千多元。退的话截止到今天也就只能退到三千三百二十一点七六元损失很大的因为什么想退呢？
是否劝阻,哎您好是这样啊退是可以但是现在退保是会有损失的这个现在！
是否劝阻,你现在退保是有损失的按照现金价值给您退我这边呢帮您查只能查到截止到今天的您稍等？
是否劝阻,这个划了，对这个产品的话总共是需要您短期交费五年嘛然后满一年以后它是按照保额的百分比返返你就就您就是咱们小他也不可能我就比如说您交一万啊一万三交两万啊两万返那叫按保费返不叫按保额返他所有的保险产品年金险都是按保额反没有按保费返的。就是咱们这个虽然是是您是交了五万但是您是分了五年交这五万的不是说您一下就交齐了五万这个五万交进来之后买一年是返一千满两年一千一买三年一千二逐年递增最多可以增加到两千也就是说您所交的最多的时候也就是五万块钱在里面也没有再多法王。五万块钱他后期如果是每年两千两千两千两千就光这样算那比如说我就给您举个不恰当的例子啊就五万块钱做产生两千块钱。这个也如果要折合成银行利率也百分之四了对吧！就现在银行也就这样吧也也好像也没有达到这个数而且他其他的一个万能账户万能账户这个是产生的钱会再给您二次增值的一个这么一个账户万能账户目前也还有一个百分之十的收益率就是您有钱就不用的直接可以把这个钱放到万能账户里边去。想用的时候拿出来不想用的时候就放进去他也是日计息月复利的上个月不公布百分之四年收益率所有透明金额可便资金增值而且这种满一年之后就会返的产品现在已经停售了女士就是您去年买也买不到现在有很多客户想办他也买不上了而且像这种金管家他也停售了就这种。就是怎么领取或者怎么追加都不收客户会有的现在这个现在的这个金管家账户就比如说结果就还付款嘛他是您每放进去一笔钱都是会收取百分之一的手续费您没取出来一笔钱不到五年的也会收手续费不到一年会收百分之五？不到两千会收百分之四这样的就这种产品我觉得还不错。
是否劝阻,保单的话您这个缴费是，交了三期了每次缴费金额是一万两千零七十块钱。保单的话他是属于一个保障型的重疾险如果您中途解除合同的话他能退还您的现金价值可能会肯定有很大损失所以建议您可以再考虑一下。
是否劝阻,您的具体满三年之后能领取到的现金价值是到时候需要看一下您保险合同背面的现金价值表的。哦那那一份对还没有我们是建议您长期持有如果三年领取的话可能对于您的保费来说还会有一定的损失的！
是否劝阻,浙h八。您的如果是这个福临门少儿版的话我们是建议您持有时间越长收益越好如果您打算就是三年或者五年那种要领取的话这个可能会有一定的损失所以我们。
是否劝阻,您买这个保险主要就是一个传统型的重疾险。保的是六至一种重大疾病十五种轻症全残身故这边这么七号轻症豁免保费这些我没有返还的功能。
是否劝阻,收益是吧是的这个福利嘛十二吧我们是建议您长期持有持有时间越长这个？
是否劝阻,交交多少年呢？您交费的话还是就是您想三年交的话也可以三年交就是交完三年之后就不用再交了然后您的这份保单只要您不退保他这个年金就一直返还的。怎么返呢？您的这个年返的这个年金的话如果您不领取是放在我们保险公司根据我们保险公司的利率再次产生收益如果您要领取的话呢到时候想要领取也是可以去我们分公司柜面去申请？
是否劝阻,嗯好的还是建议您一直长期持有下去您现在退保的话确实挺大的女士。
是否劝阻,这份保险的话是保障重大疾病的六七七种重疾和三十种轻症并且包括身故全残疾病中末期轻症豁免保费的几项保险责任？
是否劝阻,稍等帮您查询一下。真的话帮您查到您这份保单截止到今天为止如果想要退保公司总共能退给您的现金价值是二百四十六块钱，具体当地保险公司柜面为准。您现在退保的话等于损失还是非常大的建议您再考虑一下。
是否劝阻,只能退那么点啊！您现在已经过了犹豫期了先生，犹豫期外退保会有损失的。
是否劝阻,嗯这个产品的话是您交三年看到是已经交完三年了然后保险期间是保十五年的每年都有年金返还会进入到万能账户里面复利计息的如果您现在退的话只能按现金价值来退会有损失的帮您查询了一下截到今天为止现金价值是两万三千七百一十八。账户里面是有三千四百八十八一共如果退的话能退的金额是两万七千二百零六具体公司柜面办理为准。
是否劝阻,保单的话您这个缴费是，交了三期了每次缴费金额是一万两千零七十块钱。保单的话他是属于一个保障型的重疾险如果您中途解除合同的话他能退还您的现金价值可能会肯定有很大损失所以建议您可以再考虑一下。
是否劝阻,嗯退保的话是按照现金价值给您退您是有损失的。
是否劝阻,朋友买了呃不好意思有一份查询才能把他的一个组合险产品附加意外伤害加一个加一个这个意保通。这个保单的话现在已经过了犹豫期了退保是有损失的退还的是您的现金价值。
是否劝阻,全部都退掉。如果是中途退保的话我们会有损失女士。
是否劝阻,行我们这边帮您查询了一下您这个保单状态都正常有效的。嗯您之后我这边帮您查询现在如果退保的话退还的是您的现金价值对您来说是有损失的。
是否劝阻,嗯提供投保人的身份证号码帮您查看一下保单情况，四幺零。四幺零幺零二，幺幺零三。一九七三一九七三。幺二二四。幺二二四六幺九四。幺九四，x二x。好的您是投保人本人吗？嗯您叫什么名字啊！李建青，茵好的帮您查询的是购买我公司的保险产品的，您刚有问到退保是全额把这份保险给催缴吗？嗯对，提醒您一下，这份产品的话是二零一七年的时候办理的如果要办理退保是可以的不过是按照现金价值给您退的所以是比较大建议您考虑一下。哦！请问是在也不用去那个花不上强的。
是否劝阻,感谢配合信息和成功您是在二零一六年二月五号！二二元就是购买的这个保险二月五号生效您要这个满三年之后去退没有损失您要等到二零一九年二月五号之后退先生。
是否劝阻,您现在退的话是会有损失的先生我帮您查一下如果说他。
是否劝阻,您现在要退保的话退给你的现金价值只有八万六千五百二十一点二七他没有满期之后退的多些。
是否劝阻,七零四。嗯。好的这边看到您是一六年在银行买的财富一号f款这个保险对吗？对的对吧！那您这份保险的话需要三年领取才没有损失的如果想提前的话也可以。但现在拿出来钱会有损失的。
是否劝阻,的那时候就没有任何损失了。他必须要到。
是否劝阻,二月十一号是吧！嗯是的那时候话没有任何损失您现在也可以拿出来只是这个收益的话会有一些损失。
是否劝阻,您可以等到合同到了之后您看一下您再考虑。您在行吧我记得看一下嗯。
是否劝阻,嘛确认不要了是吗如果您确认不要的话因为这边解除合同的话只能按照保单的现金价值来给您退损失比较大了给您算了一下如果现在解除的话？大概只能退给您是。
是否劝阻,那继续交的话嗯我。交费的话您到明年的三月二十号它进入交费期而且从三月二十号开始的话公司也会给客户有六十天的宽限期客户在六十天之内交费成功保单都是正常有效的。
是否劝阻,对但是有时候您退的话可能会有损失具体的是没关系的。
是否劝阻,保很多保险公司柜台这边办理但是您退保现在现金价值只有四百六十元。有损失。
是否劝阻,四百六，只能退为四百六十元的。啊不需要退！
是否劝阻,您之前买三年以后您的话比较划算现在领的话会扣除您百分之三的手续费，就下个周，先生您这个现在账户价值是有六万四千多六万四千九百二十六但是现在退的话只能退。六万两千九百七十八。
是否劝阻,嗯对，嗯那这样先生因为我这边看的话您这个保单是一六年生效的然后现在话已经出了犹豫期之外了先生好您这个退的话中途是按照这个现金价值来退给您就这个损失还是比较大的这个。
是否劝阻,嗯那主要还是想看一下您买什么保险了先生如果是保证意外医疗的话我们这边是有那种交一年保您的短期险交守护神呢他呢就是一年也不用交多一百块钱就可以？就这样建议您保也可以继续保下去。
是否劝阻,信息过来嘛，您的保单的话他的保单保险期间是保到被保险人年满七十五周岁后首个保单周年日的，但如果说中途想要退满三年就可以退因为马上您退保没有手续费，但是您如果说保单比如说您最近没有没有急需要用钱您觉得产品收益不错您可以继续持有的。
是否劝阻,退这个保险不退。您这份保单是出于什么原因要退呢因为现在退保的话对您来说损失还是比较大的？他只能退还主险现今价值加金管家c现在剩下的余额一共大概只有两万，两万八千零二十四。就三加上您之前部分领取出来的两万。五千六百五因为您之前部分领取的时候有手续费其实您上您是留了两万七千元。加上这。
是否劝阻,数字对您来说有损失有将近一半。因为，我现在是一个问题说现在呃您这边说的。
是否劝阻,扣钱呢？那您中途退保的话可能会有损失这个我们不确定每天退保对应的现金价值不一致，合同上会有一张现金价值表第几年度末退保相应的现金价值？
是否劝阻,嗯对您就提前做退的话肯定对您来说是有损失的但三年以后您直接看一下您那个对面那小姐因为您现金价值。
是否劝阻,嗯好的我帮您查询截止到今天为止退保的现金价值是一千六百五十元左右如果您现在退保的话会有损失的建议您再考虑一下。
是否劝阻,这边是不太清楚的女士，正常的话一个建议您还是等他生效之后过犹豫期犹豫期之内退保。嗯。
是否劝阻,之前我这边看您这个险种截止到现在为止退保的现金价值合计一共是五千零二十点八二元随着很大的建议您考虑一下。
是否劝阻,就还是建议您就是满五年之后退的话会比较合算。
是否劝阻,就是按照现金价值来给您退还损失可能挺大的出现建议您考虑一下。那或者是如果您这边急需用钱的话您可以操作这个保单借款之后然后把它还上之后然后之后满五年之后再退。
是否劝阻,嗯需要提醒您的是先生您这个保单的话是已经过了犹豫期的如果您要退的话肯定是要保单现金价的退给您您会有损失的。
是否劝阻,呀！嗯先生他这个现在保单现金价值退的您选择缴费年限是二十年保障期间是三十五年的如果您提前退保那属于您违约只能按保单现金价值退给您。我这边是系统测算到截止到今天的保单限价。建议您考虑一下。
是否劝阻,行吧那行那先先生给您把意保通那个提交申请质保改成不是保您那个交强险的话您再考虑一下好吧。
是否劝阻,嗯，好的感谢配合新核对成功这份保单都已经过了犹豫期现在退的话您的保费会受到很大的损失请稍等。
是否劝阻,呃对因为他这个的话是中途一旦退的话公司您这个损失都是非常大的。
是否劝阻,到二零二二零八二七，好的女士那这边给您告知一下先生您保单已经是现在退保的话已经是有一定损失了大概是能退到六百六百这边查询六百六十五。
是否劝阻,请问您叫什么名字？
是否劝阻,稍等一下，这边帮您核实了一下您现在您当时是在三月份购买的现在已经过了犹豫期如果您要进行退保的话是只能按照目前的现金价值来进行退保您是有很大损失的。
是否劝阻,他是按照现金价值退还的如果在犹豫期内的话是没有损失的，什么意思？就是有您刚开始购买保险的时候有十天的犹豫期如果过了这十天的话就是有损失的了。啊！那个。
是否劝阻,当时是签字的话就已经相当于签收了回执嘛。犹豫期现在是已经过了。所以您现在在考虑一下。
是否劝阻,如果您要进行退保的话是现在可以帮您申请但是您现在帮您核实了一下您现在已经过了犹豫期了。是按照您保险合同上写明的现金价值表上面对应的金额来进行退还。
是否劝阻,您现在如果要退保的话损失是很大的。
是否劝阻,如果您现在不想要的话解除合同的话只能按照保单的现金价值来给您退损失会比较大了给您算了一下如果您现在解除的话大概只能退给您是四千一百五十九左右。
是否劝阻,对所以说建议您再考虑一下现在退出的话损失比较大的。
是否劝阻,我叫胡丽华感谢您的配合您说的是您最近购买的是一八年的六月十四号这一份吗对对对对对我把这个退了那您只退这一份的是吗我我只退这一份嗯这个如果退的话大概是有一个退保费用会有损失这个您了解吗先生？
是否劝阻,那个一份保险，感觉我活的这边的就没什么必要而且而且每个月？嗯三份保险加起来要要交八百多块钱嘛他说感觉没没啥必要因为我这么讲清楚那没必要路边？
是否劝阻,赔付您自己的您自己这张保单是一六年的二月份办的呃中途退保是退您保单现金价值的。一般来说我们都不建议客户去退因为您先讲会比较的这个您确实考虑清楚了要退吗？
是否劝阻,为什么？对现在帮您查询到退保确实有损失建议您可以考虑一下好吧先生。
是否劝阻,对损失比较大建议您考虑。
是否劝阻,对所以这个自己来说还是比较有损失的建议您再考虑一下。
是否劝阻,然后您就是需要到保险公司柜面去办理的拿着您的保单。还有身份证银行卡到保险公司去办理一下就可以了。
是否劝阻,行那么多嘛。您的保险需要交十年的十年的费保险期间是三十年的先生。您如果不退的话呢他有满期金退的话中途会有损失的？
是否劝阻,不客气建议您慎重考虑一下现在不办退了。
是否劝阻,保单的话是一定的保险保障责任这个险种一次性交清保费咱们的持有期限的话是三周年也就说满期退还给您园是吧加分红原始保额也是固定的十万八千一百再加上您三年的分红金额也是非常的透明化确实？
是否劝阻,建议您还是继续持有您险种收益情况还很好的。我就把他们是觉得你真的有。
是否劝阻,风险嘛对不对。对您第一购买的是一份保险他肯定只有他的一个保险保障责任这个您完全可以放心女士。就是说它并不是说像投资理财有风险只要您保单满三周年以后终止合同那么我们就是按照合同当中。
是否劝阻,我就是他这一种啊对他是不允许国家就不允许倒闭女士您的保单是有具有法律效应的保险保障责任在里面。他是不允许倒闭的即使在经营不下去的一个情况下他也会有其他。这种能够鉴定的公司就其他的大公司现在的经营状况非常好的也会有其他保险公司来进行兼并并不会让这家保险公司去消失掉这只局限于人寿的保险公司项这种。理财呀什么什么理财这种的肯定是国家允许但是寿险公司是不允许倒闭的所以说您完全可以放心？您的保单具有法律效应的。
是否劝阻,六月十三号开始算六十天之内您把保费交上都行。
是否劝阻,扣那么多啊对您会损失很大一笔签所以说您再慎重考虑一下。
是否劝阻,我晕了感谢您的配合信息核对成功您的保险本来是每年交三万交两年满五年可退的如果是现在退的话是退您现金价值您会有损失的今天的退保金额是一万三千九百八十元。
是否劝阻,如果您还想要准备的再想了解这款产品的话都可以跟您，说明一下。
是否劝阻,哦你就！就是这个利率呢在华夏人寿的官方网站上呢都是有这个公布的这款险种呢是？二月份来进行销售的二月份三月份四月份五月份都四s的的结算利率这几个月来比较稳定的？帮您查询到的那之后是我公司通过银行销售的一款呢这个万能型的保险产品通过银行来进行一个时候嘛？嗯保险责任呢就是有这个满期金？然后是身故保险金还有这个。呃就是满期金和身故保险的只有这。
是否劝阻,五年的吗？买了五年保单满期能贷到您的这个满期金额。呃您的这个满期金额呢就是这个满期本合同满期满期的时候账户价值的百分之一百零二对为证满期金就放满五年之后？您您比如说现在这个。嗯。现在十二是吧五年之后比如说是三十万了就三十万的百分之一百二十一百零二？多给百分之二十。
是否劝阻,数字是吧哦就是这两项拿一千多就给咱一个？但是这个呢他也不会太呃不不会亏就是这两项哪个钱多给哪个具体的数字呢只有这个产生之后？
是否劝阻,取消掉的是吧！产品是有犹豫期的犹豫期内退保是全额退的，犹豫期就是您考虑的时间您可以考虑一下。
是否劝阻,您这个保单是已经过了犹豫期的买的是一个重疾险那个华夏福两全附加重大疾病加一保通的您这个是那个签了合同是交十年保终身的您这款如果退的话已经过了犹豫期现在按保单现金价值退给您您会有很大损失的建议您不要提前退？
是否劝阻,那个那个先生您这个是因为您自己签的合同的交十年保终身的对吧您这会要提前退肯定属于违约只能按现金价值退给您这一份我给您查了一下截止到今天如果要退的话只能退您两千多百零七。损失还是挺大的建议您考虑一下。
是否劝阻,对您先考虑清楚因为您这个退保损失还是很大的。
是否劝阻,嗯您说您之后返还的钱拿到的是太长时间太长了。那个，就如果您中途退保的话曾事。会有损失的。您退的是现金价值现在的。
是否劝阻,嗯这边看到您昨天去年是买了一个那个华夏福两全的一个重疾险您这个险种的话。如果要退的话是过了犹豫期只能按保单现金价值退还是会有损失的方便问一下您为什么想退呢？
是否劝阻,女士您这份购买的是我们富贵竹年金保险您如果说是要申请退保，退保他一般都是按现金价值来退。
是否劝阻,这个被保险人的话是叫董建市镇。对对那这个险种的话是属于这个中途退保是会退这个现金价值的有损失确定要退吗？嗯退掉。好那您稍等这边帮您查询一下退保的金额。截止到今天的退保金额是两千三百三十五块五毛九本身的话还是比较大的确定要退。
是否劝阻,好可以了。哦！嗯可以的但是呃女性投资一份呢是在犹豫期之内的是可以全额给您退的那您之前投的一份的去年投了呃是按照现金价值给您自己是有？
是否劝阻,嗯那感谢配合这边查了一下买的是我们公司一份这个如意来年金保险。一年交一万元然后交十年的，先生您这个保险产品的话它是每一年都会有年金返还。从今年开始您的续期保费缴纳成功之后开始给您返每年都返两千九百七十七点。
是否劝阻,对对对，您好帮您查询到保单了这个保单还是非常不错的您如果说是退保的话建议您慎重考虑一下。
是否劝阻,感谢您的配合您名下是有一个那个常青树两全保险！嗯您这个是那个重疾险担保保障期间是终身的呀您为什么不想要了呢？
是否劝阻,带来什么影响啊！嗯这个影响的话不太清楚可能是对这个业务员的一些考核有影响吧但这个具体一项不但清楚让您再考虑一下女士。你这个保险的话每年交一万交十年。嗯今年到九月份的话会给您返还生存。
是否劝阻,那我那我现在我马上要交费了那现在是做可以吗？可以您现在保单是九月二十一号交费型的还有一个多月您可以再考虑一下。
是否劝阻,那个，对产品的话这产品责任还是比较不错的呃期限也不是很长交费期的话就这两天也就交满了就后期就不用交费了明年就返年金年金您是可以领的可以使用。
是否劝阻,退保是您正常权益但是我们肯定不建议您退退保是有损失。
是否劝阻,我们这边现在查询给您查询您保单现在今天的现金价值女士。呃主险是两万两千一百二十五加上万能账户中有两千一百多块钱。加在一起的话是两万四千二百多块钱，所以说建议您再考虑一下呢您？
是否劝阻,那保单的如果呢不买？您中途想退呢都是有损失的您如果有急用您可以选择保单贷款的可以就一万六？现在退也不划算的。
是否劝阻,嗯，那给您查了一下像您这张保单的话当时约定交费是要交十年保险期间保到被保险人八十周岁的为什么像您现在也才一年多的时间就要想退保呢？然后我就说。对嗯但是中途退的话公司只能退您现金价值会有损失的而且像您这个保险的话非常不错他年金返还比例在被保险人六十周岁前是按保额的百分之二十每年返还的。六十周岁后按保额百分之四十返还年金的所以他年金返还的比例很高并且到这个被保险人八十周岁合同到期的时候还会退还已交保费所以像这种保险我们一般都不建议您退您可以在慎重考虑下。
是否劝阻,但是在八十周岁前的话他有年金啊它返的年金比例本身就很高了所以像这种的话就只要您说正常去持有合同肯定是会比您中途退保要合适。因为它满期是收益最大化的您像现在我给您查了一下您要是现在退的话这个福利您现金价值只有五千七百三十三，加上您账户里面余额因为您现在账户里面是有十一万五千，呃是一万五千九百六十对吧！然后加起来这个保单整个退的话现在是能退十二万一千六百九四。实际以柜面结算为准这样您损失不就很多嘛。
是否劝阻,好嗯您可以在慎重考虑一下因为我们是觉得您既然都投了而且都交了这个两次保费了所以您还是再考虑看看您到底是不是要去把这个退了因为退的话损失也很大的？
未告知退保资料,您好不好意思让您久等是这样的他这个客户的话是可以附加意保通的但是的话到让客户本人携带身份证到咱们分公司柜面去办理一下，具体能不能加的话以分公司审核为准。
未告知退保资料,没有，那女士咱们这边操作的话是要在五幺零七里面操作的具体的这个界面看不到您也可以说把这个界面您操作这个界面微信截屏给咱们的在线小华让小华这边给您看一下下一步怎么操作？
未告知退保资料,如果是通过微信的话呢可以联系保单服务人员在微信上发送退保的链接来申请如果不是微信的话呢就让客户本人到公司柜面办理这个退保手续？
未告知退保资料,对呀您的名字跟我说一下，李桂林，好谢谢查看到您名下购买的是公司常青树全能当时通过公司业务员购买的通过微信来投保的那如果说您要退保的话跟您联系保单服务人员给您发送退保的链接难申请退保是可以的。您现在什么原因想要退掉它呢？
未告知退保资料,什么证件吗？您到时候让工作人员给您发送退保的链接的话可以通过手机微信上来申请退保的他是有个退保申请您点击一下申请就可以。嗯。
未告知退保资料,具体操作流程的话您让工作人员给您发送之后您就可以看到了他是通过手机微信上来申请这个退保的手续然后工作人员给您核实处理退保的这个流程的。
未告知退保资料,微信退保嘛，就是联系您当时给您发送投保链接的这个工作人员。然后让他给您发一个退保的链接它给您发送之后您点击进去之后有一个我要领款里面有个犹豫期来退保可以通过这里面来申请退掉的。
未告知退保资料,要领款呢对让先让业务员给您发链接然后您再点我幺零款？
未告知退保资料,是的呀！这个您要退您得让业务员去跟您发一个犹豫期退保链接短信我们这边。
未告知退保资料,我不了。对您得让业务员去跟您发邮寄退保链接。
未告知退保资料,是可以退但是客服没有退保的权限退不了您得让您业务员去跟您发邮件。
未告知退保资料,可以推重新办但是今天手机费手机微信上一个签不了只能到公司柜台柜面您咨询一下能不能办理了。然后办理之后的话对这周应该退保费了应该就是下周挣手里下周了之后正常是三个工作日柜面办理了三个工作日左右到账到账之后您再重新办理应该是没问题的。
未告知退保资料,对对对手机微信上退不了。
未告知退保资料,去保险公司柜台柜面。
未告知退保资料,去保险公司对对就带着投保人的身份证银行卡还有保险合同去保险公司柜面申请退保。
未告知退保资料,嗯。四二二三。四二二三对吧嗯。您好女士请问您是投保人本人吗？对啊请问您叫什么名字？张青，好感谢配合信息核实成功。我这边的话看到您是从个险那边业务员那边购买的对如果您要退的话是要去我们保险公司柜面申请退保。
未告知退保资料,卡对。哦嗯就说具体金额以公司实际办理为准如果您要退保尽快去当地还要保险公司办理的！
未告知退保资料,嗯哦对或者是。我这边查到的是八万五千五百四十天就是四四元具体的话以公司实际办理为准这个保险要退的话就是当时办理的银行或者是公司柜面就可以退了。直接拿身份证核对。身份证保单还有银行卡。
未告知退保资料,如果您确定是要解除的话需要携带您的身份证银行卡和保单到您当时办理的我们保险公司柜面去办理就可以。
未告知退保资料,还是什么呀呃如果要退的话是需要提供保单身份证银行卡？
未告知退保资料,如果您确定是要解除的话需要携带您的身份证银行卡和保单到您当时办理的我们保险公司柜面去办理就可以。
未告知退保资料,嗯那办理的话是。呃。带着您的保单身份证银行卡到保险公司柜台办理退保。
未告知退保资料,啊那您可以让这个客户带着保单合同带着身份证和他本人开户的银行卡到保险公司柜面申请退保就可以了！
未告知退保资料,下个星期五。女士有两种方式我跟您说一下一个是犹豫期之内在微信上业务员给您发个链接您退保或者是还有一种方式是那个您保单下来您自己拿着您的身份证原件合同正本还有您的交费银行卡去柜面退两种方式让业务员给您发配发链接的话您直接在微信上这种操作这个比较简单一点。您都明白吗？
未告知退保资料,嗯好的如果您后期什么时候想办理退保的话您到时候带上您的新的银行卡去您当地我们保险公司柜面办理就可以了？
未告知退保资料,那您保单身份证银行卡。
未告知退保资料,退的话是需要您到我们华夏保险柜面去办理如果是投保人本人去办理的话需要带的资料就是。呃投保人的身份证原件和银行卡有保单的话再带上保单。
未告知退保资料,好的看到您这个当时通过业务员购买的那如果期满到期的话，银行卡里面就暂时不要放钱然后让投保人带身份证银行卡保单去保险公司柜面办理退保就可以了。
未告知退保资料,然后您就是需要到保险公司柜面去办理的拿着您的保单。还有身份证银行卡到保险公司去办理一下就可以了。
未告知退保资料,嗯不客气请问在本次服务态度是否满意呢？
未告知退保资料,这个钱怎么拿的到呢？嗯您可以带着您的身份证银行卡保单投保人本人过去到公司柜面或者叫您当时办理的银行。
未告知退保资料,说这个业务员在您旁边吗？没有没有是吗如果是业务员不给您发这个链接您可以到保险公司柜面可以申请退保的保单合同身份证和银行卡？
未告知退保资料,这边显示您这份保单的话是八月四号就是八月三号您刚购买八月十三日生效我这边显示保单还在犹豫期内如果说您要退保您可以携带相关资料这个保单合同身份证还有银行卡到保险公司柜面或者当时购买这个银行您可以去申请退保。
未告知退保资料,先生您好您可以您要拿着身份证银行卡还有保险单去柜面。去办理。
未告知退保资料,资料到哪里？但是您的保单合同身份证银行卡到当时到这个保险公司柜面申请退保
未告知退保资料,确实不想要的话那个是按保单现金价值退给您的需要投保人携带您的合同身份证和银行卡到当地的分公司柜面去办理。
未告知退保资料,对您需要到您当时购买的这个银行公司或者是保险公司柜面您可以办理退保带着您的保单合同带上您的身份证带上您本人开户的银行卡您去办理就可以了。嗯。
服务评价,满意。嗯那感谢您评价。
服务评价,那请您对本次服务满意吗？
服务评价,好的谢谢那请问您对于本次服务满意吗？
服务评价,嗯好那请问对本次的服务态度是否满意呢？
服务评价,那请问本的服务您是否还满意女士。嗯满意。
服务评价,是否满意呢？嗯好的。嗯
服务评价,如果有的话可以再打这个电话对不对。对请您对本次服务满意吗？
服务评价,好谢谢不客气请您对本次服务满意吗？
服务评价,嗯好那请问您对我的服满意吗嗯嗯？好的谢谢您祝您生活愉快再见。
服务评价,请问对本次服务还满意吗？
服务评价,后期申请理赔请对本次治疗结束以后，及时携带相关资料到公司申请理赔公司审核以后会做处理可以决定请问您还有其他问题需要咨询吗？嗯没有了好的谢谢不客气祝您生活愉快请稍后对我的服务做评价再见。
服务评价,本次的服务满意吗？
服务评价,好您的要求马上给您反馈您先不要着急好吧！嗯好您对本次服务是否满意就行女士。
服务评价,嗯非常满意。
服务评价,没有了好的请对本次服务。
服务评价,满意满意非常满意因为感谢来电祝您生活愉快女士再见。
服务评价,没有没有没有了好的那请问对本次服务您是否还满意呢？上百一百多好的那感谢来电。
服务评价,有人跟我联系的是吧是您要拨打理赔电话去咨询一下？理赔电话是多少呢后期会员系统会自动给您发送请注意接收一下？哦哦哦好的嗯那请问您还有其他的问题需要咨询吗嗯没有了！那行就转通话说满意。嗯。好的
服务评价,还满意吗？嗯可以。好的
服务评价,没有那个就问一下嗯好的好的那您就尽快去保险公司做咨询就行好吧！嗯嗯好的好的不客气请问您对本次通话是否满意。满意嗯好的非常感谢您的评价祝您生活愉快再见。
服务评价,那您都有的服务还满意吗？
服务评价,嗯好的请问您还有什么咨询的吗？嗯没有了好的祝您对本次服务满意吗？嗯那，好的那感谢您的评价祝您生活愉快再见。
服务评价,请您对本次服务。
服务评价,我什么时候就是办了？办好处理二十八号住院的对吗？四月十八日出院好。好的我们这边跟您登记好您稍等一下先生可能。嗯被保险人是同是吗a？对哎同。嗯抱歉让您久等了我们这边再跟您重述一下请您听一下您来电是报案是被保险人七二四号发烧七月二十五号住院反正是套镇定音响岩，在无极县县人民医院昂科威七月二十三号出院的。嗯呃您报案人的姓名是于女士您申请理赔这个是山东滨州女士请您以出险人关系您是他的业务人员。然后把手机号是幺五二五四三八零零幺幺，然后报案人地址山东省滨州市无棣县发生地点是山东省滨州市无棣县。被保险人是哪个彤？请问以上信息都正确吗？是正确啊嗯好的我们跟您做个提示嗯请在国家公立二级及以上医院就诊治疗的，嗯您做个提示那报案信息已经登记完成稍后会把理赔专员联系方式发送到。幺五二这个手机上发送到这个您有任何理赔问题都可以他联系的好吗嗯？咱这个电话不同的情况吧！对您如果有什么对于理赔问题有什么不清楚的话都可以拨打那个电话好吗好吧咨询一下的好吧不客气这边给您登记完成了还有其他问题吗？没有了。好感谢来电祝您生活愉快请稍后对我服务做评价再见谢谢。#
服务评价,嗯好的那请问对本次的服务是否满意。
服务评价,好的还有其他问题吗不客气？您是被保人早日康复请问对本次服务还满意吗？
服务评价,不客气那感谢来电稍后对我服务做评价祝您生活愉快再见。
服务评价,嗯好的那祝您早日康复请稍后对我的服务做出评价再见。
服务评价,不好嘞！对轻症重症稍后选择。哦中知道了！请问您还有其他问题吗？嗯没有了谢谢您，请问您对本次服务满意吗？哦那也！
服务评价,不客气那感谢来电稍后对我服务做评价祝您生活愉快再见。
服务评价,嗯好的那请问您对本次服务态度是否满意女士。
服务评价,好拜拜哎哎好的好的请您对本次服务是否满意呢？
服务评价,嗯那请问一下您对本次服务态度是否满意呢？嗯
服务评价,嗯嗯不客气的他对本次通话满意吗？嗯还满意。
服务评价,好的请问您对本次服务满意吗？呃。
服务评价,没有其他问题了请您对本次服务态度还满意吗？
服务评价,哦！那行谢谢你啊嗯不客气您对本次通话是否满意呢？
服务评价,嗯不客气的请问对本次服务满意吗？
服务评价,好的那请问您对本次服务态度是否满意女士。
服务评价,对嗯山去哪家医院还适合您好哇！呃这个不用后面的话您可以直接跟银联系的工作人员说明，我们这边需要记录的信息就是刚才问您所要电子邮箱。嗯已经帮您反馈上去了嗯能不能及时处理啊！我会帮您做一下加急催办您请放心，嗯那好谢谢你啊！不客气还有其他疑问吗？嗯没有了好谢谢。请问您对我的服务是否满意呢？
服务评价,再没有了谢谢不客气那请问此此服务还。
服务评价,嗯好的嗯嗯请问您对本次的服务满意吗？
服务评价,请问对本次服务还满意吗？
服务评价,啊对我本次服务态度还满意吗！
服务评价,之前他走绿色通道是吧！嗯嗯好谢谢啊不客气请对本次服务他的还满意吗？嗯可以嗯然后稍后会给您发个短信那边核保那。
服务评价,没有好的那请问对本次通话是否满意。满意啊好的那非常感谢您的评价。
服务评价,嗯那请问您对本次服务还满意吗？
服务评价,是这样的好的。请问您还有其他问题需要咨询吗没有行那请问您对我本次的服务态度还满意吗？
服务评价,几块钱嗯请问您对本次的服务满意吗？
服务评价,对本次通话是否满意。
服务评价,本次服务满意吗？
服务评价,对，那您给我的服务还。
服务评价,谢谢你啊不客气先生那您还有其他问题吗？没有没有谢谢请问您对本次服务态度是否满意呢？
服务评价,就那样就可以对不对那您到时候可以再核实一下好吧嗯行行好的好那请问一下女士对本次服务态度是否满意吗恩满意好的非常感谢认可祝您？
服务评价,没有了没有了行嗯那您对我本次服务态度还满意吗？
服务评价,没用了嗯嗯行那您后期如果需要的话您可以再次来电那请问一下先生对本次服务态度是否满意吗？
服务评价,好谢谢那您这个服务满意吗？
服务评价,稍后对本次服务满意吗？嗯满意。
服务评价,请问您还有其他问题需要咨询吗？好的请对本次服务满意吗？
服务评价,嗯不客气那请问您对此次服务满意吗？
服务评价,暂时没有其他问题了谢谢那感谢您来电请您对本次服务还。
服务评价,请问对我的本次服务满意吗？嗯可以嗯。
服务评价,嗯那您对本次通话是否满意呢？
服务评价,谢谢啊不客气请问这份服务。
服务评价,嗯请您对本次服务还满意吗？
服务评价,再打过来吧好请稍后对本次服务还满意吗？
服务评价,没有了谢谢你啊不客气您对本次通话是不满意呢？满意。感谢评价！
服务评价,对本次通话是否满意。嗯满意好的。
服务评价,好谢谢好的您对本次通话是否满意呢？
服务评价,是否感到满意吗哦！
服务评价,拜拜好的感谢来电再次服务女士还满意吗？
服务评价,还有其他问题吗不客气先生没有了没有了那请问对于本次服务您还满意吗满意？
服务评价,需要对本次服务满意吗？
服务评价,约定的金额来给付是这个吧！对对对这个只是牵扯到一个退保就是意思因为本身保到被保险人至终身吗您这一年都有权终止合同要退保那退保这个保单现在值多少钱我们得告诉您？但是只告诉到了您的一百零五岁一百零六一百零七您如果当时不想持有仍然享有退保同样具有现金价值但是有多少我们现在就是没有给您载明？就是只是算到一百零五岁嗯。行行行好，好其他需要咨询吗先生嗯没有了好谢谢好的客气了那请问您对本次服务是否满意呢？
服务评价,那您还有其他问题吗嗯暂时没有了嗯请问您对本次服务满意吗？
服务评价,那请问是在服务还满意吗嗯？
服务评价,好请对本次服务满意吗？
服务评价,请问对本次服务满意吗？
服务评价,是，知道都不知道我这边无法帮您查询的呀！再核对一下保单号或身份证号核对好之后来电话好吧！啊行嗯请问对本次服务态度满意吗！呃泰州以后我看是吧！好那您先核对一下好吧！
服务评价,好好那先这样好嗯好的您看这边您再跟业务员在核实一下好吧！好好好嗯好的请问您对本次的服务满意吗？
服务评价,谢谢嗯不客气请问您对我司的服务满意吗？
服务评价,课起来女神没有其他问题了请问您，开的很满意嘛。
服务评价,那请问您对本次服务是否满意呢女士？
服务评价,没有了没有请问对本次服务态度是否满意呢？嗯好那。
服务评价,那您的服务满意吗？
服务评价,谢谢你啊好请您对本次服务是否满意女士。
服务评价,好那希望此次服务还满意吗？
服务评价,女士请问就本次服务是否满意。
服务评价,嗯不客气那请问您对我本次服务还满意吗？
服务评价,那请问您对我本次服务还满意吗？
服务评价,请问您对我的服务是否满意呢？
服务评价,嗯好的那稍后对本次服务是否满意呢女士？
服务评价,行行行好的好的谢谢请问您这次服务。
服务评价,有还了今天是整个十六。嗯是昨天的话已经约好了今天的回访电话对吧！哎对对对对对！嗯那您这边让客户的话注意接听一下电话就可以了。好好好好。嗯请问对本次服务还满意吗？
服务评价,好的嗯好的请问您对本次的服务满意吗？
服务评价,打电话嘛可以有问题随时来电请问您对本次服务还满意吗？
服务评价,嗯请您对本次服务还满意吗？
服务评价,啊那好谢谢你啊不客气那麻烦问一下您对本次服务态度！
服务评价,请您对本次服务还满意吗？满意再见再评价。
服务评价,好的请问对于本次的服务态度还满意吗？
服务评价,好的那这边还有其他什么问题吗没有了谢谢那请问一下您对我本次的服务态度是否满意呢还好？好的那这边的话感谢您来电祝您生活愉快再见。
服务评价,请问对于此次服务是否满意呢？
服务评价,没有了谢谢不客气请对本次服务满意吗？
服务评价,嗯不客气那请对本次服务还满意吗？
服务评价,嗯好不用客气那请问您对我的服务态度还满意吗？
服务评价,行行行行，好的还有其他问题吗嗯没有了那请问此次服务还满意吗？
服务评价,嗯那请问您对本次服务还满意吗？
服务评价,嗯那请问对我的本次服务满意吗？
服务评价,好好嗯请问您对我们的服务是否满意呢？啊！
服务评价,知道了。嗯您还有其他问题吗？没有没有了。请问对本次通话是否满意呢嗯？
服务评价,请问对于此次服务是否满意呢？
服务评价,啊那您这个服务还满意吗！
服务评价,对您可以再等一下好对本次服务满意吗？
服务评价,怎么会？怎么回事好的谢谢那请问您对于本次服务满意吗我的我的钱然后再？
服务评价,因为它这个只是适合一种小病报销的。哦感谢两万的是吧是的！行这个，没交是吧好的好的谢谢那请问您对于本次服务满意吗满意满意？
服务评价,啊请问您在本次服务还满意吗先生！
服务评价,稍后请您对本次服务是否满意。
服务评价,那您对我的服务还满意吗？
服务评价,那请问您的车的满意吗？满意吗？
服务评价,我什么时候就是办了？办好处理二十八号住院的对吗？四月十八日出院好。好的我们这边跟您登记好您稍等一下先生可能。嗯被保险人是同是吗a？对哎同。嗯抱歉让您久等了我们这边再跟您重述一下请您听一下您来电是报案是被保险人七二四号发烧七月二十五号住院反正是套镇定音响岩，在无极县县人民医院昂科威七月二十三号出院的。嗯呃您报案人的姓名是于女士您申请理赔这个是山东滨州女士请您以出险人关系您是他的业务人员。然后把手机号是幺五二五四三八零零幺幺，然后报案人地址山东省滨州市无棣县发生地点是山东省滨州市无棣县。被保险人是哪个彤？请问以上信息都正确吗？是正确啊嗯好的我们跟您做个提示嗯请在国家公立二级及以上医院就诊治疗的，嗯您做个提示那报案信息已经登记完成稍后会把理赔专员联系方式发送到。幺五二这个手机上发送到这个您有任何理赔问题都可以他联系的好吗嗯？咱这个电话不同的情况吧！对您如果有什么对于理赔问题有什么不清楚的话都可以拨打那个电话好吗好吧咨询一下的好吧不客气这边给您登记完成了还有其他问题吗？没有了。好感谢来电祝您生活愉快请稍后对我服务做评价再见谢谢。
服务评价,不客气请问对本次通话是否满意呢？
服务评价,您对本次通话是否满意呢？
服务评价,请问对本次服务满意吗？
服务评价,那您这个服务满意吗？
服务评价,嗯之前被保险人早日康复然后请问对本次服务还满意吗？
服务评价,等他不有个常青树重疾险的。哦明白了嗯那您还有其他问题吗先生！没有了谢谢不客气请问您对本次服务满意吗？满意吗谢谢您感谢来电再见？
服务评价,那对本次服务态度是否满意呢？
服务评价,嗯好那请问那这个服务还满意吗？嗯。
服务评价,那请问您是否的本次服务态度满意呢？
服务评价,请问对本次服务还满意吗？
服务评价,稍后对本次的服务满意吗？
服务评价,说嗯那请问您对此次服务满意吗？
服务评价,嗯好您对本次服务是否满意啊！
服务评价,那您对本次服务还满意吗？
服务评价,嗯好的请问您对本次服务是否满意呢？
服务评价,那请问您对本次服务态度是否满意呢？满意
服务评价,嗯请问对我的服务是否满意呢？
服务评价,本次服务是否满意呢女士？啊你好我想这边问一下如果是保单体检的话像我这样子的！
服务评价,那请问您是否都本次服务态度满意吗？
服务评价,行那本次服务态度是否满意呢？
服务评价,没有那您都本次的服务还满意吗？
服务评价,嗯女士请问对本次服务是否满意。
服务评价,哎没事的那请问您是否的本次服务态度满意呢！
服务评价,那请问对我的本次服务满意吗？
服务评价,哎对我的服务态度还满意吗！
服务评价,嗯好的请问您对本次服务是否满意呢？
服务评价,七月了那您对我本次服务态度还满意吗？建行
服务评价,嗯不客气那请问您对我的服务态度还满意吗？
服务评价,谢谢啊嗯不客气请问您本次服务态度还满意吗？
服务评价,对我的服务态度是否满意呢？
服务评价,没有了其实对本次服务态度是否满意呢？
服务评价,本次服务满意吗？非常满意嗯。
服务评价,是否满意吗？
服务评价,好没关系的还有其他问题吗？啊没事的好的那请问一下这服务态度还满意吗！
服务评价,那请问您对此次服务满意吗？
服务评价,谢谢嗯没事的那请问您是否在本次服务态度满意呢？
服务评价,嗯请问您对本次服务态度满意吗？
服务评价,嗯不客气请问对本次服务满意吗？
服务评价,嗯那请问对本次服务是否满意。
服务评价,请您对本次服务他的时候满意呢？
服务评价,嗯感谢您的咨询那请问对本次服务是否满意。
服务评价,行那您这边是否满意嘛。
服务评价,嗯感谢您的咨询那请问对本次服务是否满意。
服务评价,好的谢谢那请问您对于本次服务满意吗？
服务评价,本次服务满意吗？
服务评价,好的女士那这边已经帮您登记完成了还有其他需要补充的吗？没有没有谢谢好的不客气请您对本次服务满意吗？
服务评价,请问对本次服务还满意吗？
服务评价,好的请问您对本次服务是否满意祝女士。
服务评价,请问您的门的服务态度还满意吗？诶还可以吧好谢谢您那感谢您来电祝您生活愉快再见。
服务评价,好的那感谢你的来电本次服务还满意吗？
服务评价,您好那请问对我的本次服务满意吗？
服务评价,请问对本次服务态度满意吗？
服务评价,好嗯还有问题吗？没有了嗯请问对本次服务态度还满意吗？
服务评价,请问您对本次服务态度满意吗？
服务评价,好，好的那请问他服务态度还满意呢？
服务评价,不客气那请问您还有其他问题需要咨询吗？嗯没有其他的了。好的谢谢那请问您对于本次服务满意吗满意满意吗感谢您的支持祝您生活愉快再见再见？嗯
服务评价,和您联系嗯可以的哎好的谢谢啊不客气那请问对我的本次服务满意吗？
服务评价,好的请问对本次的服务还满意吗？
服务评价,好的谢谢好的谢谢那请问您对于本次服务满意吗？喂。好的谢谢那感谢您的支持祝您生活愉快再见。谢谢。
服务评价,请问对本次服务态度还满意吗？
服务评价,现在请对本次服务还满意吗不客气嗯？
服务评价,没有了请问对本次的服务满意吗？
服务评价,是吗对请问到本次服务态度是否满意呢？嗯
服务评价,那请问您对我本次服务还满意吗？
服务评价,行那请问对本次服务还有，满意吗？
服务评价,给我的服务还满意吗？
服务评价,谢谢了啊嗯不客气的那请问对我的本次服务满意吗？
服务评价,嗯好的您对我的服务满意吗？
服务评价,那请问一下您对本次服务态度是否满意呢？
服务评价,行对本次的服务还满意吗？
服务评价,本次服务还满意吗？
服务评价,好的您稍等。您是投保人本人吗？
服务评价,您的姓名叫什么？
服务评价,请问您对本次服务满意吗？
服务评价,请您对本次服务是否。
服务评价,感谢来电请问您对本次服务是否满意！
服务评价,请问对本次的服务态度还满意吗？
服务评价,之前变更嘛哦好的那您尽快做一下变更请问对本次服务。还满意吗？
服务评价,嗯那您都本次的服务还满意吗？
服务评价,请对本次服务还满意吗？嗯还。
服务评价,好的请问您对本次服务是否满意。
服务评价,啊好的那请问对本次通话是否满意！
服务评价,谢谢啊嗯不客气的再见对本次服务满意吗？
服务评价,对本次服务是否满意。
服务评价,现在本次服务满意吗？
服务评价,问题嘛再见对本次服务是否满意呢？
服务评价,嗯好的请问您对我本次的服务是否满意等。
服务评价,嗯请问您叫什么名字？
服务评价,嗯说一下您的身份证号。
服务评价,好的先生非常抱歉给您带来不好的这种客户提了一请谅解所以这边会帮您进行处理请问您对我本次服务是否满意呢？
服务评价,可以了，好那请问您对我的服务满意吗？
服务评价,谢谢不客气那请问对本次服务是否满意。
服务评价,嗯不客气的那请问对我的本次服务满意吗？
服务评价,嗯请问对我的本次服务满意吗？
服务评价,嗯那您本次服务态度是否满意呢？
服务评价,好请对本次服务满意嘛。
服务评价,对本次服务是否满意。
服务评价,没有问题嗯请问这份次的服务态度是否满意。
服务评价,嗯请问对本次服务还满意吗？
服务评价,那请问对本次服务是否满意。
服务评价,嗯但咱这服务满意吗？嗯。
服务评价,不客气请对本次服务满意吗？
服务评价,请对本次通话满意吗？
服务评价,对本次的服务态度是否满意呢？
服务评价,嗯好那您对我本次服务态度是否满意。
服务评价,好的请问对本次服务还满意吗？
服务评价,嗯好那对本次服务满意吗？
服务评价,好的好，嗯那请问一下您对本次服务是否满意呢？
服务评价,好请问您对本次服务是否满意先生，一点感谢来电再见先生。
服务评价,嗯好请问对本次服务态度满意。
服务评价,再见嗯好的您报的服务满意吗？
服务评价,不客气的请问对本次通话是否满意呢？
服务评价,嗯那请问一下您对本次服务是否满意呢？
服务评价,请您对本次服务是否满意啊！
服务评价,请问对本次服务态度满意吗？
服务评价,谢谢啊你们这本次服务态度是否满意呢？
服务评价,行好请对本次服务满意吗？
服务评价,嗯没有了请您对本次服务是否满意呢？
服务评价,没有了谢谢您对本次服务是否满意啊！
服务评价,好的请问对本次服务还满意吗？
服务评价,谢谢您的本次服务态度是否满意呢？
服务评价,好不客气请问您对本次服务满意吗？
服务评价,五八二八，好那我们这帮您解绑您看还有别的问题吗先生啊没有了啊您对本次服务是否满意啊？啊！
服务评价,稍后对本次服务满意吗？
服务评价,嗯不客气还有其他帮到您的吗？嗯没有了好谢谢那请问对本次服务是否满意。
服务评价,嗯好那请问对我的本次服务满意吗？
服务评价,哎这帮您解绑了请问您还有其他问题吗啊没有了没有了嗯请问您对本次服务满意吗哎满意谢谢您祝您生活愉快再见！
服务评价,好那就本次服务还满意吗？
服务评价,还有其他问题吗？嗯没有了嗯就是这份服务满意吗？
服务评价,嗯那对我本次服务态度是否满意。
服务评价,还有其他问题吗？没有啊请问您对本次服务是否满意等。
服务评价,嗯好那请您对本次服务满意吗？
服务评价,嗯就请您耐心等待一下请问都本次服务还满意吗？
服务评价,那请问这份保单服务态度还满意吗？
服务评价,对本次通话是否满意呀！
服务评价,好的那感谢来电本次服务还满意吗？
服务评价,一个工作日左右这个就保的完成，那没有了，好的那请问您对本次服务是否满意呢？
服务评价,过一会我现在那个官方微信系统那个升级可能所有客户都查不到现在是吧然后您稍微过个两三个小时再重保吧好吧？哦好的好的好嗯您对本次服务是否满意女士！好感谢来电再见女士。
服务评价,谢谢您对本次服务是否满意啊！
服务评价,没有没有，嗯好的那就先不给您解绑您再核实一下等到明天您好如果还是查询不了再来电好吧！哎好的好的！嗯好的请您对本次服务它都满意吗？
服务评价,嗯好的那请对本次服务是否满意呢？
服务评价,嗯那请问对本次的服务是否满意。
服务评价,嗯那您对我本次的服务态度是否满意呢？
服务评价,谢谢好的不客气请问对本次服务还满意吗？
服务评价,不客气嗯请问对本次服务态度满意吗？
服务评价,好对我的服务态度还满意吗？
服务评价,对本次服务态度还满意吗？
服务评价,请问对本次服务还满意吗？
服务评价,好的再次服务还满意吗？
服务评价,请问对本次的服务态度是否满意呢？
服务评价,就是做服务是否满意呢？
服务评价,好好的请您对本次服务满意吗？
服务评价,那您有问题的话再来电先生请问您对本次服务态度还满意吗？
服务评价,可以了稍后对本次服务态度是否满意呢？
服务评价,好不客气请问对本次通话是否满意呢？
服务评价,呃满意满意谢谢。
服务评价,嗯现在本次服务他的什么满意呢。
服务评价,嗯不客气请问在本次服务态度是否满意呢？
服务评价,满意吗？
服务评价,请问您对本次服务态度是否。
服务评价,满意呢？可以。
服务评价,知道了谢谢谢谢啊不客气请问对本次通话是否满意呢？
服务评价,三千这份。嗯好这边已经帮您做登记了您看还有其他需要帮助的吗？没有。您的本次服务态度是否。
服务评价,没有了再核对本次服务满意吗？呃。
服务评价,啊呃没有没有没有那请问对本次的服务满意吗！
服务评价,因为您在本次服务态度是否满意呢？
服务评价,不客气请问对本次服务是否满意。
服务评价,那谢谢啊嗯不客气请问本次通话是否满意。
服务评价,对本次服务满意吗
服务评价,来电请问您对本次的服务态度还满意吗？
服务评价,打了好谢谢啊不客气请问您对本次服务是否满意。
服务评价,别本通话时候满意呢？
服务评价,嗯请问您对本次服务满意吗？
服务评价,嗯可以好的那谢谢您祝您生活愉快再见嗯嗯。
服务评价,好的请对本次服务满意吗？
服务评价,嗯没有了好的请对本次服务满意吗？
服务评价,嗯好的请问您对本次服务是否满意。
服务评价,嗯嗯嗯那请问对本次服务是否满意。
服务评价,好的请问在几个服务态度还满意吗？
服务评价,嗯，请问您对本次服务是否满意。嗯请问您还有什么问题吗？
服务评价,那请问对本次服务是否满意。
服务评价,请问对本次服务还满意吗？
服务评价,那请问对本次的服务满意吗？
服务评价,此次服务满意吗？
服务评价,绝对本次服务满意吗？嗯。
服务评价,知道了嗯那请问您对本次服务是否满意。
服务评价,是通话女士还满意吗？啊啊！
服务评价,好的好的先生有问题的话您再来电请您对本次服务态度满意吗？
服务评价,的服务态度还满意吗？
服务评价,嗯行客气了有问题您再来电请问您对本次服务态度满意吗？
服务评价,帮您核实不到我这帮您核实只有这一份查。嗯嗯嗯好还有其他问题吗？嗯没有了对本次通话是有满意呢？
服务评价,嗯好没有了好的那请问此次服务态度您还满意吗。
服务评价,嗯好谢谢哈不客气请问对本身的话是否满意呢？嗯
服务评价,好谢谢啊不客气先生请问您对本次的服务态度还满意吗？
服务评价,谢谢啊！呃请问对本次服务态度满意吗？
服务评价,请问这边是否满意吗嗯好？
服务评价,好的那这本次的服务是否满意呢？
服务评价,是否满意啊！
服务评价,行好好谢您对本次服务是否满意先生。嗯满意好您贵姓啊先生。我。
服务评价,嗯好请您对本次服务是否满意啊！
服务评价,那请您对本次服务满意吗？嗯满意。
服务评价,嗯好您对本次服务是否满意女士。
服务评价,嗯好您对本次服务是否满意关女士。
服务评价,不客气请问对本次服务还满意吗？
服务评价,好对本次服务满意吗？嗯满意。
服务评价,嗯好那对本次服务满意吗？嗯可以的谢谢您祝您生活愉快再见。
服务评价,好您对本次服务是否满意女士。
服务评价,没有了好好那对本次服务满意吗？哎满意谢谢您的评价祝您生活愉快再见！
服务评价,好的请您对本次服务态度满意吗？
服务评价,好的请问您对本次的服务态度满意吗？
服务评价,咨询那个定期寿呃要不就这样我先帮您反馈一下主要是想购买定期寿然后主险搭配的话。根据业务员跟据了解您的情况看看那个能不能适合您自己好吗？行可以嗯行那我就帮您登记了然后有电好的可能联系不到了明后天如果有电话的话您注意接听好吗？行好的没问题好的先生那请您对本次服务态度还。
服务评价,嗯好那这本次服务满意吗？
服务评价,好的请您对本次服务。
服务评价,对对嗯好您对本次服务是否满意的刘女士。
服务评价,呃您对本次服务是否满意女士。
服务评价,那请您对本次服务态度满意吗？嗯。
服务评价,您对本次服务是否满意毕女士。
服务评价,好的请您对本次服务态度满意吗？嗯。
服务评价,服务态度是否满意呢？
服务评价,请问对本次服务还满意吗？
服务评价,嗯好您这边是否满意目前。嗯好感谢来电再见啊我说您对本次服务是否满意啊。
服务评价,谢谢不客气还有其他问题吗？哦没有了请您对本次服务满意女士！
服务评价,好请问您对本次服务是否满意女士。
服务评价,好的那对本次的服务是否满意呢？
服务评价,我回去好的。我这边信息登记完成了后续我们会有工作人员联系您您注意接听一下电话好吧嗯嗯嗯，好的请问您对本次服务满意吗？
服务评价,没有没有嗯请问对本次服务满意吗？
服务评价,不客气的好对本次服务满意吗？
服务评价,行有问题您再来电先生那没有其他问题了请问对本机不太满意吗？
服务评价,对本次服务做出满意吗？
服务评价,那这边的话给您做登记那请问您是否对本次服务态度满意呢？
服务评价,好的谢谢啊嗯不客气那请问对本次服务是否满意。
服务评价,啊对对咱们是河北石家庄地区的！啊对对对嗯那我这边给您登记了先生那后期呢会有人员他就跟您联系然后您注意接听一下我们电话就可以了好吧！哦好好好嗯那您这边还有其他的问题需要咨询吗！没有了。好的那感谢您的来电本次服务还满意吗？
服务评价,不客气请对本次服务满意吗？嗯。
服务评价,好的请对本次服务还满意吗？
服务评价,好的，请对本次服务满意吗？
服务评价,没有了嗯请问对本次服务态度还满意吗？
服务评价,不客气请对本次服务是否满意呢？感谢您的评价祝您生活愉快！
服务评价,对，好的那这边我帮您情况记录反馈到时候有工作人员联系您到时候可以具体了解一下哎好谢谢不客气的那请问就这服务态度还满意吗嗯好的那您看还是随评价祝您生活愉快感谢来电？
服务评价,好的好的嗯好还有其他问题需要咨询吗？嗯没有了好谢谢哎哎好哎好请您对本次服务是否满意呢？嗯嗯好哎好感谢来电。
服务评价,没有了好好那对本次服务满意吗？哎满意谢谢您的评价祝您生活愉快再见！
服务评价,请问您怎么他服务态度还满意吗？
服务评价,服务态度还满意吗先生？
服务评价,嗯那您对本次服务态度是否满意呢？
服务评价,嗯好那这本次服务满意吗？
服务评价,嗯好的那您对本次服务态度还满意吗？
服务评价,哎哎好请您对本次服务是否满意呢！
服务评价,好的不客气请对本次服务还满意吗？
服务评价,那您这个服务满意吗？
服务评价,好的请您对本次服务都满意吗？
服务评价,请问对本次服务态度满意吗？
服务评价,可以行有问题您再来电先生那没有其他问题了请问对本次不太满意吗？
服务评价,嗯好的嗯那请您对本次服务他的是否满意。
服务评价,好的嗯那请问对本次服务还满意吗？
服务评价,没有了好的谢谢那请问您对于本次服务满意吗？满意好的谢谢那感谢您的支持祝您生活愉快再见。时间。
服务评价,嗯嗯那行那行嗯那好的所有的服务满意吗嗯满意满意？
服务评价,顾您是否还满意女士。
服务评价,请问您对本次的。服务态度满意吗
服务评价,请您对本次服务满意吗
服务评价,谢谢嗯感谢来电请您对本次服务是否满意。
服务评价,请问对本次服务态度是否满意呢？
服务评价,嗯好的嗯那请对本次服务是否满意呢？
服务评价,此次服务态度还满意吗？
服务评价,嗯那请问对本次服务是否满意。
服务评价,请问对本次的服务态度满意吗？
服务评价,没有了嗯请问对本次服务还满意吗？
服务评价,嗯那您都本次的服务还满意吗？
服务评价,请问对本次服务态度还满意吗？
服务评价,行有问题您再来电女士请问对本次服务态度还满意吗？
服务评价,本次服务满意吗？
服务评价,我说您的身份证号码。我的是幺五二八零幺嗯。嗯一九七七嗯。零三幺零嗯。
服务评价,嗯好的请问对本次服务还满意吗？
服务评价,服务态度是否满意呢？
服务评价,请问，本次的话满意吗？
服务评价,请问您对于我的服务是否满意呢？嗯
服务评价,嗯那请问您对此次服务满意吗？
记录被保险人资料,不用了你就帮我预约的话我们他的。嗯行那请问您的姓名是，赵普寺。高盼盼是吗赵赵盼盼对稍等？好的那这边对吧先生多大呢是给您本人购买这个其它购买呢我自己？
记录被保险人资料,多大的年龄二十八二十八周岁。对嗯好的那这边的话您是河北省廊坊市对吧！嗯河北省廊坊市固安县。
记录被保险人资料,嗯您贵姓。
记录被保险人资料,言午许的许。您是哪个地区的客户呢？
记录被保险人资料,那个河北。
记录被保险人资料,保定。
记录被保险人资料,池区吧应该是。
记录被保险人资料,说一个手机号嗯。幺八二。
记录被保险人资料,零幺四八。
记录被保险人资料,嗯那请问您想是给谁投保被保险年龄？
记录被保险人资料,嗯您怎么称呼？
记录被保险人资料,呃陈女士嗯。呃联系人的电话您留一个手机号吧幺八幺幺八幺。
记录被保险人资料,五五三五。
记录被保险人资料,呃六五八八是吗？
记录被保险人资料,呃零五八八嗯。呃您是在安徽是吗？
记录被保险人资料,安徽芜湖嗯可以那就想问一下的一个市场意保通常青树达意保通现在是这边要求是什么对对然后第二个就是下面一个十岁女孩二十万交二十年都可以？
记录被保险人资料,然后您是哪个省哪个市啊！
记录被保险人资料,行那呃您是给自己买还是给家人买的。请家人吧！是给孩子买还是给父母吧！还是孩子是男孩女孩七岁了。
记录被保险人资料,呃您贵姓啊女士。行。
记录被保险人资料,是给孩子投还是给自己投女士。
记录被保险人资料,您贵姓您贵姓啊！
记录被保险人资料,好您今年呃年龄多大李女士。
记录被保险人资料,六八年过生日了吗？
记录被保险人资料,十五号，九月十五号那就是四十九周岁是吧！
记录被保险人资料,好您是哪个哪个市哪个省哪个市的呀！
记录被保险人资料,先生您好如果要投的投的是成功的话呢？咱们公司没有地域限制是全国通赔的但您这能不能扣成功都很难说因为它投保的时候，一般来说要求投被保险人的加一块。而且的话得当地有咱们公司这个机构但是当然我们不做投保我也不知道的根据规定应该是这样的，具体的话就以实际为准的我这边可以帮您反馈您孩子男
记录被保险人资料,那就零周岁是吧！
记录被保险人资料,行好好谢您对本次服务是否满意先生。嗯满意好您贵姓啊先生。我。
记录被保险人资料,就是您是给孩子买还是给父母吗还是给？
记录被保险人资料,好您爱人跟儿子今年分别年龄多大呀！
记录被保险人资料,呃三一三六您的孩子呢？
记录被保险人资料,好的男孩还是女孩女士。
记录被保险人资料,好好好您贵姓啊女士。
记录被保险人资料,嗯。是给自己投保对吗？
记录被保险人资料,嗯，请问您贵姓呢？
记录被保险人资料,嗯锡林郭勒属于哪个就是锡林郭勒下边哪个区？
记录被保险人资料,弓长张是吗？嗯好那您在内蒙古姓名过了是吗？
记录被保险人资料,搁耳东。
记录被保险人资料,呃是哪个务？
记录被保险人资料,东是哪个东呢？
记录被保险人资料,嗯东大街什么？
记录被保险人资料,东莞市的但是有来来电幺三四的号码可以联系到您吗？可以的嗯请问您贵姓女士。
记录被保险人资料,您是哪个省哪个市女士？
记录被保险人资料,呃咱四十六岁是吧！
记录被保险人资料,呃您贵姓啊女士。
记录被保险人资料,嗯可以那您怎么称呼？
记录被保险人资料,那您说一下您想购买什么险种被保险人年龄多大还记录反馈一下？嗯。
记录被保险人资料,呃零岁女孩然后二次男士是吗？
记录被保险人资料,好孩子是多少周岁？
记录被保险人资料,您大约是多大年龄啊女士。
记录被保险人资料,嗯可以没问题请问您贵姓怎么称呼您呢？
记录被保险人资料,呃请问您是的地区的客户呢韦女士？
记录被保险人资料,天津滨海新区是吗？
记录被保险人资料,那请问您是给多大年龄人投保。
记录被保险人资料,我帮您登记一下信息。姓徐，双人徐是吗嗯？嗯徐女士您好您在张家口市的哪个区呢？消化清楚。
记录被保险人资料,就产品下次在销售嘛。对。那有没有你们专门那个保险但你能跟我一会我再联系一下我想咨询一下。好的那可以您是宁波的对吧！嗯打您这个幺三七的手机号就可以是吧对对好您贵姓啊女士？我姓庄您是给自己买还是想给孩子。
记录被保险人资料,因为就是不是第一次我不太了解？对那主险的话如果常青树呢就是目前我们现在比较热销的就这个保的比较全的一百种重大疾病和五十种轻症他是保障终身的然后是到被保险人八十周岁的时候他会把已交的保费全部返还？然后保单继续有效它一直保到被保险人终身的。提示给我接下。然后搭配的话那您就卡如果要搭配这个住院医疗您可以打个住院医疗。嗯。嗯或者我们这边可以帮您联系就是比较专业的业务员他可以跟您详细推荐一下做个计划书给您做一个，这个详细的讲解。
记录被保险人资料,然后您的家人分别是四十几岁刚才说？
记录被保险人资料,呃四十八岁的是男性还是女性啊！
记录被保险人资料,嗯二十岁这俩是男的还是女的呀！
记录被保险人资料,您是哪个省哪个市的呀女士？
记录被保险人资料,好的，您是在哪个地址啊！
记录被保险人资料,就想要用月缴的是吗那您看我这边是给您先介绍一下险种还是安排工作人员直接去联系您呢？是联系您啊也行您现在所在地点在哪里女士？真的。嗯好来电的这个手机号方便后续联系您呢？您贵姓，姓杜是吗？对你好嗯好的稍等一下。比如说。好的女士那我这边帮您反馈一下安排工作人员跟您具体的联系现在的话是有一个三岁的男宝宝来进行投保对吗？
记录被保险人资料,好的。怎么称呼您的姓名女士？
记录被保险人资料,呃是按照被保险人年龄性别好吗？是您要保多少保额给您试算出来的您可以大概给您试算一下被保险人现在多大年龄了呢？
记录被保险人资料,家人不是被保险人年龄多大。
记录被保险人资料,嗯好的稍等。五十六岁的被保险人男性女性。
记录被保险人资料,您多少周岁？幺零二。
记录被保险人资料,您刚刚反应是男孩还是女孩。
记录被保险人资料,怎么称呼您呢？嗯姓郝，郝女士什么直接联系您来电手机号码可以吗？行。
记录被保险人资料,您是辽宁哪个市呢？葫芦岛是。葫芦岛是吗？
记录被保险人资料,嗯对就那就是这个一百种重疾和五十种轻症他是保障终身的。呃被保险人年龄大概是多少周岁啊！噢噢！
记录被保险人资料,嗯。好那我这边帮您预约保障咱们公司安排工作人员联系您可以吗？行。呃您是哪个省哪个市的呀先生？
记录被保险人资料,内蒙古包头的。内蒙包头想投这种什么保险意外的还是疾病的呀！疾病的。疾病住院这些是吧！对。好您贵姓阿。
记录被保险人资料,石老师的师。联系您来电这个幺五八的手机号就可以是吧！嗯，您是打算给自己投还是给家人投呀！自己嘛。您的年龄今年多大了呀！嗯行我二十五号。好行那我们这边帮您反馈您注意接听电话好吧！嗯。
记录被保险人资料,好您是那个是您是哪里的长期在哪里上海还是？
记录被保险人资料,上海市您贵姓啊女士。
记录被保险人资料,呃给您爱人是吧您爱人今年多大了呀！
记录被保险人资料,谢谢嗯好的上海市哪个区呀您在再见？
记录被保险人资料,被保险人年龄多大。
记录被保险人资料,四十九周岁是吧男性女性？
记录被保险人资料,嗯现在的话可能联系不了女士您现在所在地在哪里？
记录被保险人资料,武汉是吗咱们生活或者居住上班都在武汉吗？对。嗯可是武汉这边没有我们分支机构的扣的然后。
记录被保险人资料,嗯先生您的所在地在湖北是吗嗯回给我那我只能给您就近城市反馈请问您哪里比较贱？哪里比较近就是什么就是我不太了解您当地的地址您离其他省市像湖南？
记录被保险人资料,您爱人今年年龄多大了呀嗯今年。是八九年的今年。
记录被保险人资料,您是哪个省哪个市女士？
记录被保险人资料,您贵姓啊女士。哦我姓秘！嗯行。
记录被保险人资料,好的，您在哪个省哪个市呢？呃
记录被保险人资料,好的怎么称呼您呢？嗯。
记录被保险人资料,好的，直接联系来电索要就可以了对吧还是还是几周岁了呢？呃
记录被保险人资料,好的那我帮您反馈一下就是女孩零周岁是吗？
记录被保险人资料,嗯好这个险种保障的还是比较全面的信息您是给家里人购买吗还是给您自己？
记录被保险人资料,宝宝是吧！嗯嗯嗯好了解行政哪方面的问题呢？
记录被保险人资料,您所在地在哪里？
记录被保险人资料,行稍等一下您现在所在地点在哪里？产收回对。江苏昆山是吧好的稍等一下？
记录被保险人资料,好您是哪个省哪个市的呀先生？
记录被保险人资料,您贵姓阿。
记录被保险人资料,好呃给自己投还是给孩子投呀！呃行您年龄多大连先生。
记录被保险人资料,被保您是多大。
记录被保险人资料,男性女性。
记录被保险人资料,您贵姓啊先生。
记录被保险人资料,哪个区呢？
记录被保险人资料,可以您怎么称呼您的姓名女士？
记录被保险人资料,好的请问被保险多大年龄了呢？
记录被保险人资料,需要给您自己买是吗？
记录被保险人资料,好的上海市杨浦区是吗？
记录被保险人资料,没有是吗您在哪个省哪个市呢？
记录被保险人资料,您贵姓怎么称呼您的先生？
记录被保险人资料,是哪个地区的客户？嗯
记录被保险人资料,昆明市哪个区？昆明昆明市的话。啊！那个区呢？
记录被保险人资料,官渡区。嗯，呃假设给谁投保？
记录被保险人资料,嗯四岁了男孩还是女孩。
记录被保险人资料,了我们是哪个省哪个市的呀先生？你们。
记录被保险人资料,嗯孩子是男孩还是女孩啊！
记录被保险人资料,好您贵姓啊先生。
记录被保险人资料,嗯姓张。好您是给自己投还是给家人投呀！嗯我我我都有效对吧！行那您今年多大了呀！我还是九，行知道了女士那我们这边帮您反馈后边会有工作人员联系您您直接。
记录被保险人资料,郑东新区郑东新区。嗯，好的女士。嗯那这边的话幺八幺的号码可以联系到您吗？
记录被保险人资料,可以请问您贵姓女士。哦我姓王王是吧好的嗯这边我们向公司帮您反馈一下后续会有公司也会跟您进行联系的！
记录被保险人资料,好可以女士您是哪个省哪个市的呀！
记录被保险人资料,好呃我们这边帮您反馈呗让咱们公司安排业务人员联系您您是孩子是男孩女孩今年几岁了呀！
记录被保险人资料,意外还有就是住院医疗这边是吧嗯嗯？您贵姓啊女士。
记录被保险人资料,嗯可以那这边帮您记录一下是您交给多大还是够吗？
记录被保险人资料,嗯男孩女孩。
记录被保险人资料,您在哪个省哪个市呀！
记录被保险人资料,嗯嗯另外我想问一下被保险人的年龄是多大了呢？
记录被保险人资料,嗯有大人小孩大概有几位能？
记录被保险人资料,三两千尾号我帮您记录您的地址是哪个省哪个市哪个区？
记录被保险人资料,嗯那请问您是想要给谁投保被保年龄是多大？嗯
记录被保险人资料,嗯好。呃您现在是男孩女孩呢？女孩女孩。然后三十岁的是先审核女士是吧！对嗯。好那我帮您登记反馈您后期注意接听电话好吧！您是广东省。广州市哪个区的？
记录被保险人资料,嗯嗯，然后被保险人年龄大概就是三十七周岁是吧对对？
记录被保险人资料,有啊如果您要是想投我们这边可以帮您预约然后咱们公司安排工作人员联系您投吧可以吗？哦好！嗯您是哪个省哪个呃您是广东省哪个城市的通通畅？好的您这幺八六的手机号就可以是吧！对您是给自己投还是给家人投呀！
记录被保险人资料,小孩孩子男孩女孩几岁了？
记录被保险人资料,您是想要给谁投保被保年龄？
记录被保险人资料,因为被保险人是您是吗？
记录被保险人资料,呃您的年龄现在多大呢？
记录被保险人资料,那您是有一个给自己购买还是家里人购买。
记录被保险人资料,嗯您的年龄多大。
记录被保险人资料,广东身份嗯好的方便说一下您听一下被保险人年龄。
记录被保险人资料,入保应该在石家庄市河北省。您稍等。您贵姓呢？
记录被保险人资料,你刚刚说四十九那性别呢拿着还有您的嗯好的您稍等？
记录被保险人资料,那麻烦你留一个电话这边给您发送的话您这个固话接收不了您说一个手机号码。
记录被保险人资料,那投保人怎么称呼？
记录被保险人资料,那被保险人多大呀！
记录被保险人资料,嗯是位女士还是先生呀！
记录被保险人资料,广东广州的那我给您预约广东广州当地的业务当地的那个业务员女士您贵姓啊！
记录被保险人资料,啊对对咱们是河北石家庄地区的！啊对对对嗯那我这边给您登记了先生那后期呢会有人员他就跟您联系然后您注意接听一下我们电话就可以了好吧！哦好好好嗯那您这边还有其他的问题需要咨询吗！没有了。好的那感谢您的来电本次服务还满意吗？
记录被保险人资料,我们这边现在就是说帮您帮您申请一下预约一下这个会有工作人员给您联系的被保险人年龄大概多少钱呢？
记录被保险人资料,行您的联系方式就是您现在来南京的这个号码是吧！对呀！请问您贵姓。
记录被保险人资料,好的我现在是需要您提供一下您在哪个省哪个市或者说是是在哪个区哪个县不需要提供？
记录被保险人资料,嗯时间吧嗯女士这个我们这边工作人员需要大概了解一下被保险人的年龄性别需要提供一下。
记录被保险人资料,来电这个电话是吧对？您是在哪个省哪个市呢？广州市越秀区。越秀区。
记录被保险人资料,嗯，问一下您所在地是在什么省什么市？海口市。海南海口是吧！对然后您的联系方式留来电进行一个呢？
记录被保险人资料,问一下主要是做什么工作以及？
记录被保险人资料,没提示是吧！对，嗯，然后再继续多少人呢？
记录被保险人资料,二十个左右那女士那我这边已经帮您登记下来了到时候公司机构那边会和您确认联系的能问一下您怎么称呼毛先生吗？
记录被保险人资料,嗯好请问大概是被保险多大年龄呢男士女士？
记录被保险人资料,嗯行可以嗯好的您稍等您的您的地区是现在？
记录被保险人资料,好的好的那被保年龄是多大呢？
记录被保险人资料,哦好的男孩还是女孩！
记录被保险人资料,嗯好的那被保险有多大了。
记录被保险人资料,五十二周岁是吗？
记录被保险人资料,稍等一下。嗯男男性女性。
记录被保险人资料,嗯请问被保险您想给多大年龄的人进行投保呢？
记录被保险人资料,好的然后。就是被保险人他是男生还是女生呢？
记录被保险人资料,上海市是吧！嗯稍等一下先生然后问一下被保险人的性别女年龄，被保险人好听。
记录被保险人资料,对，好的孩子的话大概多大年龄呢？
记录被保险人资料,木子李吗？对，后续联系的话就联系您来电这个号码对吗？对，嗯您现在是在湖南湘潭。
记录被保险人资料,后期就联系您现在来电幺三九的号码对吗？对被保险人大概多大。
记录被保险人资料,嗯好没问题谢谢好的不客气的那这边我帮您反馈一下您到时候注意一下被保险人的话大概多大年龄呢？二十四嗯是女士还是先生。
记录被保险人资料,姓何，何是单人旁加个可的何吗啊对好的后续联系电话就联系您再来电这个号码吗啊对的啊您现在是在那个地区呢？
记录被保险人资料,哎好那请问被保险年龄是多大年龄多大男性女性啊！
记录被保险人资料,先生您怎么称呼呢？免贵姓董。好的稍等。
记录被保险人资料,这个被保险人年龄。
记录被保险人资料,被保险人的姓名呢？嗯，我们现在公司而已。
记录被保险人资料,所在地区是就浙江杭州，然后是哪个区或者哪个县下城区？
记录被保险人资料,好的请问被保险多大了。
记录被保险人资料,二十三周岁男孩男生女生。
记录被保险人资料,女士，跟您核实一下嗯您想了解的产品的话是华夏福多倍等重疾。目前是在浙江杭州萧山区，然后您姓您贵姓金联系电话幺五三三六五幺五七七被保险年龄是二十三周岁的一个女性对吧！
记录被保险人资料,就把小孩子的是吗？嗯。
记录被保险人资料,被保险人的年龄是多大。
记录被保险人资料,四十几呢具体？
记录被保险人资料,嗯也可以那我先帮您登记一下好吧被保险人具体是多大呢？
记录被保险人资料,四十七岁，四十七岁的是个。先生还是女士。
记录被保险人资料,那四十七岁的这个是位先生是位女士呢？
记录被保险人资料,我知道四十七岁到五十，那他是为先生是位女士是个男的是个女的。
记录被保险人资料,对我这边可以帮您直接乐一下。请问被保险人的，年龄是多少呢？
记录被保险人资料,几个月了呢？五个月五月是吧！
记录被保险人资料,是男孩还是女孩呢嗯那好那好没有发生过什么？疾病之类的。
记录被保险人资料,您刚刚反应是男孩还是女孩。
记录被保险人资料,您多少周岁？幺零二。
记录被保险人资料,啊那您能告诉我一下被保险人的年龄嘛！
记录被保险人资料,那您是哪个省哪个市的呀！
记录被保险人资料,嗯那请问您怎么称呼？
记录被保险人资料,诶诶好的好的。嗯那现在请问被保险人年龄是多大询问一下就行。
记录被保险人资料,哎好没问题先生您这边您所在地址哪里老师！
记录被保险人资料,是在哪个省哪个市呢？
记录被保险人资料,行好的那请问一下您贵姓。
记录被保险人资料,被保险人是男士女士多大年龄呢？
记录被保险人资料,嗯。那被保险人年龄大概多大。
记录被保险人资料,三十五三十五周岁。对男男的女的。
记录被保险人资料,安徽哪里？现在合肥。嗯回合肥。您贵姓。刘。联系电话是现在和我通话的好吗？对。如果您买这个重疾险对保险是给谁买大概多大年龄？呃。九一年。二十多岁。对。
记录被保险人资料,小孩是。多大了男孩女孩。
记录被保险人资料,零岁几个月了？
记录被保险人资料,您是在哪个省哪个市呢？
记录被保险人资料,您是个男孩。
记录被保险人资料,对。来电号码是您的联系方式吧！对嗯被保险人年龄多大。
记录被保险人资料,请您稍等一下。嗯嗯大概上不同的年龄是多大。
记录被保险人资料,嗯嗯嗯两岁到。几岁？
记录被保险人资料,十三岁。然后女孩都有是吗？
记录被保险人资料,请问一下您贵姓。嗯免贵姓胡古月胡。
记录被保险人资料,湖南省郴州市是吗请问像被保险人年龄是多大呢？
记录被保险人资料,嗯请问一下年龄现在是多大呢？
记录被保险人资料,三十五女先生对吗？嗯好请问一下女士您怎么称呼呢？
记录被保险人资料,嗯您的年龄多大。
记录被保险人资料,稍等一下被被保险人是多大呐。
记录被保险人资料,这个二十六。二十六是吧性别呢？
记录被保险人资料,您现在所在地是重庆的是吧！
记录被保险人资料,好的您贵姓先生。
记录被保险人资料,请您提供一下您的联系电话是不是幺五二？
记录被保险人资料,提供一下您是在无锡市宜兴市的对吧！
记录被保险人资料,那您是，在哪个省哪个市呢？嗯
记录被保险人资料,金港镇。请稍等。嗯。你说呢张家港市河北张家口吗不是我？
记录被保险人资料,宿州地区的张家港市您稍等。
记录被保险人资料,好的联系电话是留哪个号码呢女士？
记录被保险人资料,嗯好的是许昌地区是吗河南许昌？
记录被保险人资料,电话号码是幺三幺的好稍等。您是在哪个省哪个市哪个县来投保？
记录被保险人资料,三千接到。广东省深圳市。嗯哪个区？
记录被保险人资料,四幺四幺，四幺四幺七嗯。嗯被保险人的年龄是多大。
记录被保险人资料,那您贵姓啊我姓专。那投保人。
记录被保险人资料,一周不到是吧对？
记录被保险人资料,幺五零二零三。
记录被保险人资料,零九二零。嗯。幺九四五。好的稍等帮您查询一下。您说一下被保人名字。呃，不是我我妈的名字是吧！对，王亚平。那根据您说的身份证号吗？看到是在一二年的时候通过银行也购买过一个分红险对吗？现在的。那这个分红险的话他这个并不生病这些病不报的并不保疾病意外的。明天。
记录被保险人资料,好的请问叫什呃请问他是这边跟您核实了一下您就想核实一下这个报案信息对吧！
记录被保险人资料,您是谁身故的提供谁的？
记录被保险人资料,我们这边是需要登记这个出险人的这个证件号码或者是保单号的。
记录被保险人资料,那您说的是哪个省哪个市呢？
记录被保险人资料,报案的话我们这边需要帮您做一下报案的登记。
记录被保险人资料,啊那是如果是嗯就购买公司保险产品的话公司要求的就诊医院资质是国家公立二级及以上的医院那如果您去医院就诊治疗了到时候可以打电话过来登记一下理赔报案的信息要提供一下就诊的这个医院的名称还有发生事故的时间地点还有哪里受伤了这些信息提供一下！
记录被保险人资料,是不用去十三点发生在哪个省哪个市哪个项？
记录被保险人资料,嗯那请您提供一下被保险人的身份证号码。
记录被保险人资料,您说的这个身份证号是四二零幺零幺。嗯一九七五。
记录被保险人资料,具体的地点吧！对您得告诉我他是什么省什么市的我这边是需要登记的。
记录被保险人资料,嗯。二三零幺零六一九七八零七零八二五二八。
记录被保险人资料,您在哪里啊先生？这个我在和和这个。
记录被保险人资料,虎丘区，啊然后具体的地址叫！
记录被保险人资料,三和y，啊十一栋五零幺四！
记录被保险人资料,十一栋五零幺室。对
记录被保险人资料,我再跟您核对一下您先修改之后的地址是。江苏省苏州市虎丘区山湖湾十一栋。
记录被保险人资料,五零幺室对吗？
记录被保险人资料,五幺零八二幺。
记录被保险人资料,嗯好的那您提供一下变更后的银行账号。
记录被保险人资料,好的先生跟您核实一下信息您的建设变更名下保单的缴费银行卡。变更后的银行卡是您本人姓名重新开户的农业银行，变更后的银行账号是吧！六二三零。五二幺九，三零零零。五五三幺七七二。
记录被保险人资料,好的那您要变更的新的开户行名称是哪个银行呢？
记录被保险人资料,好的账户所有人姓名还是您的名字那新的卡号是多少呢？
记录被保险人资料,哎对！那这边跟您核对一下银行卡号。六二三零五二三七幺四个零幺五。
记录被保险人资料,变更后的联系方式是幺五七三六幺三。
记录被保险人资料,二零幺八幺四二三三四九四幺零八八是吗？
记录被保险人资料,你自己的储蓄卡吗？工商的银行的储蓄卡，好的卡号。六三个二嗯。零八嗯。三零二零六三个二零八后面多少？三零零二零零三零零二零。嗯。四七五九七。
记录被保险人资料,六三个二零八三零零二零零四七五九七九幺对吗？
记录被保险人资料,三零零二零零零四七五九七九幺对吧！
记录被保险人资料,那您看您要登记哪个开户行的呢我？
记录被保险人资料,那个，建设银行。建设银行嗯。账户所有人是您本人宋玉梅是吧嗯对对账号是多少？嗯我告诉你啊嗯，六二幺七六二幺七。零零二九零零二九。零八零幺零八零幺零三，八幺七六八幺七六，六九九六九九，六二幺七零零二九八零幺零八幺七六六九九建设银行对吧！
记录被保险人资料,嗯，零零玖。嗯，零零，七幺零六。嗯。没有了对吧！对我再给你念一遍吧好的六二二二零八嗯，四四零二嗯，零零九嗯零零七。
记录被保险人资料,您是哪个省哪个市的？
记录被保险人资料,云南的稍等一下。取晋市的是吧！
记录被保险人资料,好的卡号您说一下帮您登记一，六二幺七嗯，七三幺九，嗯，零幺零九。嗯八四零六。嗯好那行吗？
记录被保险人资料,五二零零六零四五二零是吧！
记录被保险人资料,嗯那您提供一下出险身份证号这边给您做登记。
